"날짜","종가","오픈","고가","저가","변동 %"
"2020년 09월 16일","1.485","1.495","1.507","1.480","-1.26%"
"2020년 09월 15일","1.504","1.504","1.516","1.489","-0.92%"
"2020년 09월 14일","1.518","1.532","1.544","1.507","-0.91%"
"2020년 09월 13일","1.532","1.532","1.532","1.532","0.20%"
"2020년 09월 11일","1.529","1.507","1.533","1.507","0.86%"
"2020년 09월 10일","1.516","1.521","1.521","1.490","-0.13%"
"2020년 09월 09일","1.518","1.503","1.532","1.500","-2.44%"
"2020년 09월 08일","1.556","1.564","1.572","1.533","-0.95%"
"2020년 09월 07일","1.571","1.580","1.580","1.550","2.01%"
"2020년 09월 06일","1.540","1.540","1.540","1.540","0.00%"
"2020년 09월 05일","1.540","1.540","1.540","1.540","1.05%"
"2020년 09월 04일","1.524","1.513","1.549","1.513","0.13%"
"2020년 09월 03일","1.522","1.537","1.557","1.515","-1.10%"
"2020년 09월 02일","1.539","1.565","1.598","1.530","-2.90%"
"2020년 09월 01일","1.585","1.528","1.599","1.523","4.76%"
"2020년 08월 31일","1.513","1.478","1.525","1.478","1.89%"
"2020년 08월 30일","1.485","1.485","1.485","1.485","0.00%"
"2020년 08월 29일","1.485","1.485","1.485","1.485","-0.07%"
"2020년 08월 28일","1.486","1.450","1.502","1.450","4.57%"
"2020년 08월 27일","1.421","1.386","1.438","1.367","1.14%"
"2020년 08월 26일","1.405","1.399","1.419","1.393","1.30%"
"2020년 08월 25일","1.387","1.379","1.396","1.373","0.73%"
"2020년 08월 24일","1.377","1.405","1.405","1.374","-2.34%"
"2020년 08월 23일","1.410","1.410","1.410","1.410","0.00%"
"2020년 08월 22일","1.410","1.410","1.410","1.410","0.00%"
"2020년 08월 21일","1.410","1.375","1.415","1.373","2.25%"
"2020년 08월 20일","1.379","1.361","1.382","1.360","2.45%"
"2020년 08월 19일","1.346","1.348","1.379","1.339","-0.81%"
"2020년 08월 18일","1.357","1.394","1.401","1.354","-3.07%"
"2020년 08월 17일","1.400","1.400","1.400","1.400","0.00%"
"2020년 08월 16일","1.400","1.400","1.400","1.400","0.00%"
"2020년 08월 15일","1.400","1.400","1.400","1.400","0.43%"
"2020년 08월 14일","1.394","1.384","1.405","1.381","2.27%"
"2020년 08월 13일","1.363","1.370","1.375","1.354","-0.51%"
"2020년 08월 12일","1.370","1.368","1.385","1.359","1.86%"
"2020년 08월 11일","1.345","1.351","1.379","1.345","-1.39%"
"2020년 08월 10일","1.364","1.345","1.367","1.343","2.79%"
"2020년 08월 09일","1.327","1.327","1.327","1.327","0.00%"
"2020년 08월 08일","1.327","1.327","1.327","1.327","0.61%"
"2020년 08월 07일","1.319","1.307","1.322","1.298","1.00%"
"2020년 08월 06일","1.306","1.300","1.313","1.299","1.08%"
"2020년 08월 05일","1.292","1.289","1.292","1.276","-1.07%"
"2020년 08월 04일","1.306","1.313","1.321","1.299","-0.08%"
"2020년 08월 03일","1.307","1.293","1.309","1.286","0.93%"
"2020년 08월 02일","1.295","1.295","1.295","1.295","0.00%"
"2020년 08월 01일","1.295","1.295","1.295","1.295","-0.15%"
"2020년 07월 31일","1.297","1.273","1.297","1.258","1.09%"
"2020년 07월 30일","1.283","1.301","1.302","1.280","-2.06%"
"2020년 07월 29일","1.310","1.305","1.318","1.302","-1.43%"
"2020년 07월 28일","1.329","1.300","1.334","1.299","1.76%"
"2020년 07월 27일","1.306","1.312","1.317","1.291","0.31%"
"2020년 07월 26일","1.302","1.302","1.302","1.302","0.00%"
"2020년 07월 25일","1.302","1.302","1.302","1.302","-0.23%"
"2020년 07월 24일","1.305","1.312","1.312","1.293","-0.91%"
"2020년 07월 23일","1.317","1.335","1.342","1.313","-2.23%"
"2020년 07월 22일","1.347","1.343","1.357","1.339","-0.66%"
"2020년 07월 21일","1.356","1.323","1.358","1.321","1.65%"
"2020년 07월 20일","1.334","1.354","1.358","1.334","-1.19%"
"2020년 07월 19일","1.350","1.350","1.350","1.350","0.00%"
"2020년 07월 18일","1.350","1.350","1.350","1.350","0.15%"
"2020년 07월 17일","1.348","1.367","1.368","1.345","-2.46%"
"2020년 07월 16일","1.382","1.413","1.423","1.380","-2.40%"
"2020년 07월 15일","1.416","1.410","1.428","1.406","-0.21%"
"2020년 07월 14일","1.419","1.410","1.425","1.397","-0.07%"
"2020년 07월 13일","1.420","1.410","1.426","1.410","1.65%"
"2020년 07월 12일","1.397","1.397","1.397","1.397","0.00%"
"2020년 07월 10일","1.397","1.387","1.400","1.378","0.43%"
"2020년 07월 09일","1.391","1.377","1.397","1.376","0.94%"
"2020년 07월 08일","1.378","1.389","1.399","1.373","-0.65%"
"2020년 07월 07일","1.387","1.404","1.408","1.386","-1.56%"
"2020년 07월 06일","1.409","1.392","1.423","1.392","1.95%"
"2020년 07월 05일","1.382","1.382","1.382","1.382","0.00%"
"2020년 07월 04일","1.382","1.382","1.382","1.382","-0.43%"
"2020년 07월 03일","1.388","1.376","1.391","1.370","0.73%"
"2020년 07월 02일","1.378","1.392","1.392","1.370","-1.99%"
"2020년 07월 01일","1.406","1.380","1.414","1.359","2.70%"
"2020년 06월 30일","1.369","1.361","1.378","1.354","0.29%"
"2020년 06월 29일","1.365","1.322","1.366","1.322","3.02%"
"2020년 06월 28일","1.325","1.325","1.325","1.325","0.00%"
"2020년 06월 27일","1.325","1.325","1.325","1.325","-0.15%"
"2020년 06월 26일","1.327","1.337","1.346","1.315","-1.34%"
"2020년 06월 25일","1.345","1.348","1.362","1.344","-1.32%"
"2020년 06월 24일","1.363","1.377","1.377","1.348","-1.66%"
"2020년 06월 23일","1.386","1.382","1.389","1.351","-0.36%"
"2020년 06월 22일","1.391","1.386","1.409","1.386","0.07%"
"2020년 06월 21일","1.390","1.390","1.390","1.390","0.00%"
"2020년 06월 20일","1.390","1.390","1.390","1.390","0.87%"
"2020년 06월 19일","1.378","1.383","1.390","1.365","0.58%"
"2020년 06월 18일","1.370","1.394","1.395","1.365","-2.84%"
"2020년 06월 17일","1.410","1.408","1.441","1.394","0.71%"
"2020년 06월 16일","1.400","1.418","1.440","1.392","-1.69%"
"2020년 06월 15일","1.424","1.384","1.441","1.369","3.19%"
"2020년 06월 14일","1.380","1.380","1.380","1.380","0.00%"
"2020년 06월 13일","1.380","1.380","1.380","1.380","-0.58%"
"2020년 06월 12일","1.388","1.353","1.399","1.353","0.51%"
"2020년 06월 11일","1.381","1.359","1.389","1.345","-1.15%"
"2020년 06월 10일","1.397","1.391","1.420","1.389","1.60%"
"2020년 06월 09일","1.375","1.430","1.435","1.375","-5.63%"
"2020년 06월 08일","1.457","1.472","1.472","1.420","-0.21%"
"2020년 06월 07일","1.460","1.460","1.460","1.460","0.00%"
"2020년 06월 06일","1.460","1.460","1.460","1.460","0.76%"
"2020년 06월 05일","1.449","1.451","1.460","1.439","1.19%"
"2020년 06월 04일","1.432","1.424","1.447","1.400","0.42%"
"2020년 06월 03일","1.426","1.372","1.433","1.356","2.81%"
"2020년 06월 02일","1.387","1.413","1.434","1.387","-0.22%"
"2020년 06월 01일","1.390","1.381","1.397","1.373","1.83%"
"2020년 05월 31일","1.365","1.365","1.365","1.365","0.00%"
"2020년 05월 30일","1.365","1.365","1.365","1.365","-0.80%"
"2020년 05월 29일","1.376","1.346","1.385","1.319","2.69%"
"2020년 05월 28일","1.340","1.323","1.360","1.225","-0.37%"
"2020년 05월 27일","1.345","1.323","1.349","1.312","1.51%"
"2020년 05월 26일","1.325","1.313","1.345","1.283","0.68%"
"2020년 05월 25일","1.316","1.347","1.348","1.313","-1.79%"
"2020년 05월 24일","1.340","1.340","1.340","1.340","0.00%"
"2020년 05월 23일","1.340","1.340","1.340","1.340","-0.74%"
"2020년 05월 22일","1.350","1.341","1.383","1.306","0.60%"
"2020년 05월 21일","1.342","1.352","1.377","1.342","-1.03%"
"2020년 05월 20일","1.356","1.384","1.392","1.353","-2.52%"
"2020년 05월 19일","1.391","1.418","1.420","1.374","-0.07%"
"2020년 05월 18일","1.392","1.390","1.400","1.383","1.09%"
"2020년 05월 17일","1.377","1.377","1.377","1.377","0.00%"
"2020년 05월 16일","1.377","1.377","1.377","1.377","-0.51%"
"2020년 05월 15일","1.384","1.394","1.397","1.377","0.14%"
"2020년 05월 14일","1.382","1.384","1.404","1.367","-0.72%"
"2020년 05월 13일","1.392","1.404","1.412","1.376","-2.11%"
"2020년 05월 12일","1.422","1.460","1.460","1.416","-2.67%"
"2020년 05월 11일","1.461","1.433","1.461","1.433","2.53%"
"2020년 05월 10일","1.425","1.425","1.425","1.425","0.00%"
"2020년 05월 09일","1.425","1.425","1.425","1.425","-0.07%"
"2020년 05월 08일","1.426","1.456","1.460","1.423","-4.04%"
"2020년 05월 07일","1.486","1.516","1.519","1.469","-1.33%"
"2020년 05월 06일","1.506","1.502","1.516","1.497","0.67%"
"2020년 05월 05일","1.496","1.496","1.496","1.496","-0.20%"
"2020년 05월 04일","1.499","1.517","1.523","1.484","-1.19%"
"2020년 05월 03일","1.517","1.517","1.517","1.517","0.00%"
"2020년 05월 02일","1.517","1.517","1.517","1.517","0.00%"
"2020년 05월 01일","1.517","1.517","1.517","1.517","0.00%"
"2020년 04월 30일","1.517","1.517","1.517","1.517","0.07%"
"2020년 04월 29일","1.516","1.537","1.538","1.512","-3.01%"
"2020년 04월 28일","1.563","1.580","1.603","1.555","-0.70%"
"2020년 04월 27일","1.574","1.556","1.579","1.556","2.54%"
"2020년 04월 26일","1.535","1.535","1.535","1.535","0.00%"
"2020년 04월 25일","1.535","1.535","1.535","1.535","-1.03%"
"2020년 04월 24일","1.551","1.534","1.585","1.534","0.39%"
"2020년 04월 23일","1.545","1.555","1.555","1.504","1.25%"
"2020년 04월 22일","1.526","1.440","1.538","1.437","4.59%"
"2020년 04월 21일","1.459","1.420","1.515","1.420","0.83%"
"2020년 04월 20일","1.447","1.446","1.451","1.417","-0.14%"
"2020년 04월 19일","1.449","1.449","1.449","1.449","0.00%"
"2020년 04월 18일","1.449","1.449","1.449","1.449","0.98%"
"2020년 04월 17일","1.435","1.439","1.458","1.427","1.92%"
"2020년 04월 16일","1.408","1.445","1.445","1.400","-3.69%"
"2020년 04월 15일","1.462","1.462","1.462","1.462","-0.27%"
"2020년 04월 14일","1.466","1.463","1.501","1.456","-0.14%"
"2020년 04월 13일","1.468","1.455","1.472","1.448","0.89%"
"2020년 04월 12일","1.455","1.455","1.455","1.455","0.00%"
"2020년 04월 11일","1.455","1.455","1.455","1.455","0.97%"
"2020년 04월 10일","1.441","1.442","1.461","1.415","0.42%"
"2020년 04월 09일","1.435","1.515","1.550","1.428","-4.97%"
"2020년 04월 08일","1.510","1.555","1.571","1.509","-4.43%"
"2020년 04월 07일","1.580","1.546","1.585","1.529","2.46%"
"2020년 04월 06일","1.542","1.565","1.592","1.506","-0.52%"
"2020년 04월 05일","1.550","1.550","1.550","1.550","0.00%"
"2020년 04월 04일","1.550","1.550","1.550","1.550","0.19%"
"2020년 04월 03일","1.547","1.501","1.561","1.494","1.98%"
"2020년 04월 02일","1.517","1.552","1.564","1.516","-1.56%"
"2020년 04월 01일","1.541","1.550","1.556","1.497","-0.58%"
"2020년 03월 31일","1.550","1.607","1.619","1.531","-0.64%"
"2020년 03월 30일","1.560","1.521","1.560","1.495","1.50%"
"2020년 03월 29일","1.537","1.537","1.537","1.537","0.00%"
"2020년 03월 28일","1.537","1.537","1.537","1.537","0.33%"
"2020년 03월 27일","1.532","1.491","1.542","1.444","2.20%"
"2020년 03월 26일","1.499","1.627","1.627","1.499","-9.81%"
"2020년 03월 25일","1.662","1.703","1.703","1.634","-2.29%"
"2020년 03월 24일","1.701","1.673","1.701","1.643","-0.47%"
"2020년 03월 23일","1.709","1.657","1.734","1.657","4.85%"
"2020년 03월 22일","1.630","1.630","1.630","1.630","0.00%"
"2020년 03월 21일","1.630","1.630","1.630","1.630","1.05%"
"2020년 03월 20일","1.613","1.636","1.678","1.613","-2.54%"
"2020년 03월 19일","1.655","1.530","1.716","1.526","10.48%"
"2020년 03월 18일","1.498","1.470","1.500","1.430","3.88%"
"2020년 03월 17일","1.442","1.499","1.549","1.419","-5.38%"
"2020년 03월 16일","1.524","1.489","1.550","1.464","-5.87%"
"2020년 03월 15일","1.619","1.619","1.619","1.619","0.00%"
"2020년 03월 14일","1.619","1.619","1.619","1.619","3.25%"
"2020년 03월 13일","1.568","1.526","1.623","1.460","13.13%"
"2020년 03월 12일","1.386","1.418","1.420","1.357","1.02%"
"2020년 03월 11일","1.372","1.380","1.412","1.324","1.40%"
"2020년 03월 10일","1.353","1.303","1.364","1.303","4.24%"
"2020년 03월 09일","1.298","1.285","1.360","1.253","-5.26%"
"2020년 03월 08일","1.370","1.370","1.370","1.370","0.00%"
"2020년 03월 07일","1.370","1.370","1.370","1.370","0.00%"
"2020년 03월 06일","1.370","1.307","1.375","1.275","2.85%"
"2020년 03월 05일","1.332","1.336","1.344","1.303","2.46%"
"2020년 03월 04일","1.300","1.299","1.323","1.291","-5.04%"
"2020년 03월 03일","1.369","1.418","1.418","1.359","-0.15%"
"2020년 03월 02일","1.371","1.300","1.387","1.253","3.32%"
"2020년 03월 01일","1.327","1.327","1.327","1.327","0.00%"
"2020년 02월 29일","1.327","1.327","1.327","1.327","-0.52%"
"2020년 02월 28일","1.334","1.417","1.419","1.333","-7.55%"
"2020년 02월 27일","1.443","1.385","1.447","1.369","3.59%"
"2020년 02월 26일","1.393","1.417","1.417","1.385","-2.11%"
"2020년 02월 25일","1.423","1.424","1.457","1.411","0.57%"
"2020년 02월 24일","1.415","1.400","1.420","1.387","-2.21%"
"2020년 02월 23일","1.447","1.447","1.447","1.447","0.35%"
"2020년 02월 21일","1.442","1.505","1.517","1.442","-4.25%"
"2020년 02월 20일","1.506","1.555","1.561","1.503","-3.40%"
"2020년 02월 19일","1.559","1.557","1.600","1.521","-0.13%"
"2020년 02월 18일","1.561","1.609","1.611","1.551","-4.06%"
"2020년 02월 17일","1.627","1.668","1.677","1.626","-1.81%"
"2020년 02월 16일","1.657","1.657","1.657","1.657","0.30%"
"2020년 02월 14일","1.652","1.611","1.663","1.605","2.48%"
"2020년 02월 13일","1.612","1.601","1.630","1.596","0.00%"
"2020년 02월 12일","1.612","1.603","1.627","1.592","0.56%"
"2020년 02월 11일","1.603","1.590","1.614","1.581","-0.12%"
"2020년 02월 10일","1.605","1.582","1.610","1.570","0.19%"
"2020년 02월 09일","1.602","1.602","1.602","1.602","0.00%"
"2020년 02월 08일","1.602","1.602","1.602","1.602","0.00%"
"2020년 02월 07일","1.602","1.615","1.617","1.585","-1.96%"
"2020년 02월 06일","1.634","1.628","1.650","1.602","2.06%"
"2020년 02월 05일","1.601","1.640","1.643","1.588","-1.54%"
"2020년 02월 04일","1.626","1.580","1.628","1.577","5.17%"
"2020년 02월 03일","1.546","1.520","1.548","1.520","-1.02%"
"2020년 02월 02일","1.562","1.562","1.562","1.562","0.00%"
"2020년 02월 01일","1.562","1.562","1.562","1.562","0.45%"
"2020년 01월 31일","1.555","1.575","1.580","1.550","0.32%"
"2020년 01월 30일","1.550","1.563","1.565","1.522","-2.27%"
"2020년 01월 29일","1.586","1.620","1.624","1.582","-1.06%"
"2020년 01월 28일","1.603","1.580","1.606","1.572","-5.71%"
"2020년 01월 27일","1.700","1.700","1.700","1.700","0.00%"
"2020년 01월 26일","1.700","1.700","1.700","1.700","0.00%"
"2020년 01월 25일","1.700","1.700","1.700","1.700","0.00%"
"2020년 01월 24일","1.700","1.700","1.700","1.700","-0.29%"
"2020년 01월 23일","1.705","1.713","1.713","1.675","-1.04%"
"2020년 01월 22일","1.723","1.699","1.739","1.693","2.07%"
"2020년 01월 21일","1.688","1.759","1.769","1.684","-4.47%"
"2020년 01월 20일","1.767","1.756","1.785","1.756","1.55%"
"2020년 01월 19일","1.740","1.740","1.740","1.740","0.00%"
"2020년 01월 18일","1.740","1.740","1.740","1.740","-0.29%"
"2020년 01월 17일","1.745","1.704","1.756","1.689","2.65%"
"2020년 01월 16일","1.700","1.688","1.704","1.662","0.53%"
"2020년 01월 15일","1.691","1.707","1.717","1.686","-1.46%"
"2020년 01월 14일","1.716","1.746","1.756","1.711","-0.92%"
"2020년 01월 13일","1.732","1.694","1.753","1.686","1.35%"
"2020년 01월 12일","1.709","1.709","1.709","1.709","0.00%"
"2020년 01월 11일","1.709","1.709","1.709","1.709","0.18%"
"2020년 01월 10일","1.706","1.669","1.719","1.663","1.07%"
"2020년 01월 09일","1.688","1.661","1.691","1.631","3.69%"
"2020년 01월 08일","1.628","1.590","1.631","1.561","0.74%"
"2020년 01월 07일","1.616","1.589","1.623","1.586","5.14%"
"2020년 01월 06일","1.537","1.547","1.551","1.510","-1.47%"
"2020년 01월 05일","1.560","1.560","1.560","1.560","0.00%"
"2020년 01월 04일","1.560","1.560","1.560","1.560","0.52%"
"2020년 01월 03일","1.552","1.632","1.635","1.552","-5.25%"
"2020년 01월 02일","1.638","1.700","1.704","1.612","-2.03%"
"2020년 01월 01일","1.672","1.672","1.672","1.672","0.00%"
"2019년 12월 31일","1.672","1.672","1.672","1.672","-0.89%"
"2019년 12월 30일","1.687","1.672","1.695","1.672","0.30%"
"2019년 12월 29일","1.682","1.682","1.682","1.682","0.00%"
"2019년 12월 28일","1.682","1.682","1.682","1.682","-0.18%"
"2019년 12월 27일","1.685","1.676","1.685","1.664","2.49%"
"2019년 12월 26일","1.644","1.635","1.648","1.624","0.74%"
"2019년 12월 25일","1.632","1.632","1.632","1.632","0.06%"
"2019년 12월 24일","1.631","1.650","1.650","1.625","-0.67%"
"2019년 12월 23일","1.642","1.658","1.659","1.638","-1.38%"
"2019년 12월 22일","1.665","1.665","1.665","1.665","0.00%"
"2019년 12월 21일","1.665","1.665","1.665","1.665","-0.66%"
"2019년 12월 20일","1.676","1.657","1.702","1.642","1.21%"
"2019년 12월 19일","1.656","1.637","1.668","1.632","3.05%"
"2019년 12월 18일","1.607","1.600","1.626","1.599","0.06%"
"2019년 12월 17일","1.606","1.633","1.637","1.589","-0.56%"
"2019년 12월 16일","1.615","1.621","1.630","1.607","-2.24%"
"2019년 12월 15일","1.652","1.652","1.652","1.652","0.00%"
"2019년 12월 14일","1.652","1.652","1.652","1.652","0.24%"
"2019년 12월 13일","1.648","1.692","1.693","1.636","1.67%"
"2019년 12월 12일","1.621","1.611","1.626","1.597","0.00%"
"2019년 12월 11일","1.621","1.626","1.638","1.611","0.62%"
"2019년 12월 10일","1.611","1.638","1.650","1.611","-3.48%"
"2019년 12월 09일","1.669","1.710","1.710","1.669","-0.95%"
"2019년 12월 08일","1.685","1.685","1.685","1.685","0.00%"
"2019년 12월 07일","1.685","1.685","1.685","1.685","0.42%"
"2019년 12월 06일","1.678","1.683","1.694","1.658","0.96%"
"2019년 12월 05일","1.662","1.680","1.686","1.646","0.12%"
"2019년 12월 04일","1.660","1.666","1.698","1.653","-4.43%"
"2019년 12월 03일","1.737","1.681","1.740","1.681","3.27%"
"2019년 12월 02일","1.682","1.654","1.698","1.654","2.87%"
"2019년 12월 01일","1.635","1.635","1.635","1.635","0.00%"
"2019년 11월 30일","1.635","1.635","1.635","1.635","0.49%"
"2019년 11월 29일","1.627","1.653","1.669","1.615","-2.52%"
"2019년 11월 28일","1.669","1.666","1.681","1.648","-0.18%"
"2019년 11월 27일","1.672","1.692","1.693","1.663","-2.22%"
"2019년 11월 26일","1.710","1.734","1.743","1.707","-0.93%"
"2019년 11월 25일","1.726","1.711","1.730","1.696","1.65%"
"2019년 11월 24일","1.698","1.698","1.698","1.698","0.00%"
"2019년 11월 23일","1.698","1.698","1.698","1.698","0.83%"
"2019년 11월 22일","1.684","1.684","1.713","1.680","1.02%"
"2019년 11월 21일","1.667","1.666","1.691","1.631","-0.36%"
"2019년 11월 20일","1.673","1.706","1.709","1.673","-3.68%"
"2019년 11월 19일","1.737","1.770","1.770","1.721","-2.53%"
"2019년 11월 18일","1.782","1.780","1.799","1.777","-0.72%"
"2019년 11월 17일","1.795","1.795","1.795","1.795","0.00%"
"2019년 11월 16일","1.795","1.795","1.795","1.795","0.45%"
"2019년 11월 15일","1.787","1.770","1.799","1.769","-0.06%"
"2019년 11월 14일","1.788","1.772","1.800","1.766","-0.22%"
"2019년 11월 13일","1.792","1.810","1.833","1.781","-2.71%"
"2019년 11월 12일","1.842","1.796","1.850","1.755","3.19%"
"2019년 11월 11일","1.785","1.826","1.860","1.781","-0.83%"
"2019년 11월 10일","1.800","1.800","1.800","1.800","0.00%"
"2019년 11월 09일","1.800","1.800","1.800","1.800","-0.28%"
"2019년 11월 08일","1.805","1.890","1.919","1.805","-0.50%"
"2019년 11월 07일","1.814","1.813","1.830","1.798","-0.60%"
"2019년 11월 06일","1.825","1.854","1.876","1.825","0.44%"
"2019년 11월 05일","1.817","1.841","1.912","1.817","-0.38%"
"2019년 11월 04일","1.824","1.754","1.831","1.753","4.83%"
"2019년 11월 03일","1.740","1.740","1.740","1.740","0.00%"
"2019년 11월 02일","1.740","1.740","1.740","1.740","0.52%"
"2019년 11월 01일","1.731","1.696","1.738","1.683","0.17%"
"2019년 10월 31일","1.728","1.731","1.744","1.713","-1.76%"
"2019년 10월 30일","1.759","1.770","1.776","1.717","-1.35%"
"2019년 10월 29일","1.783","1.779","1.813","1.763","1.08%"
"2019년 10월 28일","1.764","1.695","1.772","1.694","4.69%"
"2019년 10월 27일","1.685","1.685","1.685","1.685","0.84%"
"2019년 10월 25일","1.671","1.647","1.680","1.639","2.01%"
"2019년 10월 24일","1.638","1.629","1.670","1.629","-1.09%"
"2019년 10월 23일","1.656","1.640","1.665","1.624","-0.18%"
"2019년 10월 22일","1.659","1.660","1.689","1.648","0.00%"
"2019년 10월 21일","1.659","1.592","1.661","1.592","4.21%"
"2019년 10월 20일","1.592","1.592","1.592","1.592","0.00%"
"2019년 10월 19일","1.592","1.592","1.592","1.592","0.38%"
"2019년 10월 18일","1.586","1.575","1.596","1.568","0.63%"
"2019년 10월 17일","1.576","1.516","1.593","1.515","3.01%"
"2019년 10월 16일","1.530","1.530","1.552","1.511","2.48%"
"2019년 10월 15일","1.493","1.490","1.501","1.466","0.27%"
"2019년 10월 14일","1.489","1.506","1.516","1.489","0.27%"
"2019년 10월 13일","1.485","1.485","1.485","1.485","0.00%"
"2019년 10월 12일","1.485","1.485","1.485","1.485","-0.54%"
"2019년 10월 11일","1.493","1.494","1.524","1.490","2.47%"
"2019년 10월 10일","1.457","1.417","1.462","1.394","2.46%"
"2019년 10월 09일","1.422","1.422","1.422","1.422","-0.77%"
"2019년 10월 08일","1.433","1.405","1.440","1.404","3.84%"
"2019년 10월 07일","1.380","1.371","1.405","1.360","0.58%"
"2019년 10월 06일","1.372","1.372","1.372","1.372","0.00%"
"2019년 10월 05일","1.372","1.372","1.372","1.372","-0.07%"
"2019년 10월 04일","1.373","1.444","1.444","1.373","-8.28%"
"2019년 10월 03일","1.497","1.497","1.497","1.497","0.00%"
"2019년 10월 02일","1.497","1.460","1.503","1.460","-0.13%"
"2019년 10월 01일","1.499","1.445","1.521","1.442","2.95%"
"2019년 09월 30일","1.456","1.436","1.460","1.435","0.62%"
"2019년 09월 29일","1.447","1.447","1.447","1.447","0.00%"
"2019년 09월 28일","1.447","1.447","1.447","1.447","0.56%"
"2019년 09월 27일","1.439","1.435","1.447","1.427","0.49%"
"2019년 09월 26일","1.432","1.441","1.450","1.429","0.56%"
"2019년 09월 25일","1.424","1.414","1.433","1.412","-2.33%"
"2019년 09월 24일","1.458","1.456","1.480","1.441","-0.27%"
"2019년 09월 23일","1.462","1.448","1.469","1.436","0.34%"
"2019년 09월 22일","1.457","1.457","1.457","1.457","0.00%"
"2019년 09월 21일","1.457","1.457","1.457","1.457","0.14%"
"2019년 09월 20일","1.455","1.460","1.472","1.452","-0.48%"
"2019년 09월 19일","1.462","1.455","1.482","1.433","-0.48%"
"2019년 09월 18일","1.469","1.481","1.496","1.461","-2.13%"
"2019년 09월 17일","1.501","1.503","1.524","1.477","-2.28%"
"2019년 09월 16일","1.536","1.449","1.540","1.447","9.56%"
"2019년 09월 15일","1.402","1.402","1.402","1.402","0.00%"
"2019년 09월 14일","1.402","1.402","1.402","1.402","0.00%"
"2019년 09월 13일","1.402","1.402","1.402","1.402","0.00%"
"2019년 09월 12일","1.402","1.402","1.402","1.402","0.43%"
"2019년 09월 11일","1.396","1.392","1.404","1.384","1.45%"
"2019년 09월 10일","1.376","1.378","1.395","1.372","1.78%"
"2019년 09월 09일","1.352","1.350","1.371","1.350","-2.03%"
"2019년 09월 08일","1.380","1.380","1.380","1.380","0.00%"
"2019년 09월 07일","1.380","1.380","1.380","1.380","-0.14%"
"2019년 09월 06일","1.382","1.383","1.402","1.379","0.73%"
"2019년 09월 05일","1.372","1.336","1.389","1.329","1.48%"
"2019년 09월 04일","1.352","1.297","1.356","1.297","1.43%"
"2019년 09월 03일","1.333","1.329","1.348","1.315","-1.11%"
"2019년 09월 02일","1.348","1.292","1.354","1.286","4.09%"
"2019년 09월 01일","1.295","1.295","1.295","1.295","0.00%"
"2019년 08월 31일","1.295","1.295","1.295","1.295","1.73%"
"2019년 08월 30일","1.273","1.256","1.300","1.241","2.00%"
"2019년 08월 29일","1.248","1.257","1.257","1.238","0.16%"
"2019년 08월 28일","1.246","1.233","1.288","1.223","0.89%"
"2019년 08월 27일","1.235","1.208","1.269","1.204","3.78%"
"2019년 08월 26일","1.190","1.171","1.199","1.169","-4.95%"
"2019년 08월 25일","1.252","1.252","1.252","1.252","0.00%"
"2019년 08월 24일","1.252","1.252","1.252","1.252","-0.87%"
"2019년 08월 23일","1.263","1.245","1.285","1.240","2.77%"
"2019년 08월 22일","1.229","1.263","1.267","1.227","-3.76%"
"2019년 08월 21일","1.277","1.183","1.287","1.182","6.59%"
"2019년 08월 20일","1.198","1.183","1.207","1.183","1.18%"
"2019년 08월 19일","1.184","1.181","1.191","1.176","1.20%"
"2019년 08월 18일","1.170","1.170","1.170","1.170","0.00%"
"2019년 08월 17일","1.170","1.170","1.170","1.170","-0.17%"
"2019년 08월 16일","1.172","1.160","1.173","1.147","-4.33%"
"2019년 08월 15일","1.225","1.225","1.225","1.225","-0.65%"
"2019년 08월 14일","1.233","1.245","1.246","1.225","0.24%"
"2019년 08월 13일","1.230","1.250","1.257","1.230","-4.35%"
"2019년 08월 12일","1.286","1.284","1.288","1.278","0.47%"
"2019년 08월 11일","1.280","1.280","1.280","1.280","0.00%"
"2019년 08월 10일","1.280","1.280","1.280","1.280","-0.70%"
"2019년 08월 09일","1.289","1.269","1.294","1.263","1.58%"
"2019년 08월 08일","1.269","1.263","1.275","1.252","1.44%"
"2019년 08월 07일","1.251","1.243","1.258","1.222","-0.40%"
"2019년 08월 06일","1.256","1.215","1.294","1.199","0.32%"
"2019년 08월 05일","1.252","1.330","1.333","1.252","-6.57%"
"2019년 08월 04일","1.340","1.340","1.340","1.340","0.00%"
"2019년 08월 03일","1.340","1.340","1.340","1.340","-0.89%"
"2019년 08월 02일","1.352","1.343","1.354","1.325","-3.77%"
"2019년 08월 01일","1.405","1.403","1.410","1.388","1.01%"
"2019년 07월 31일","1.391","1.407","1.410","1.391","-1.07%"
"2019년 07월 30일","1.406","1.416","1.426","1.395","-0.14%"
"2019년 07월 29일","1.408","1.412","1.418","1.408","-0.85%"
"2019년 07월 28일","1.420","1.420","1.420","1.420","0.00%"
"2019년 07월 27일","1.420","1.420","1.420","1.420","-0.28%"
"2019년 07월 26일","1.424","1.430","1.431","1.412","-0.63%"
"2019년 07월 25일","1.433","1.450","1.451","1.428","-2.25%"
"2019년 07월 24일","1.466","1.478","1.480","1.456","-0.27%"
"2019년 07월 23일","1.470","1.459","1.470","1.454","0.34%"
"2019년 07월 22일","1.465","1.459","1.471","1.455","0.00%"
"2019년 07월 21일","1.465","1.465","1.465","1.465","0.00%"
"2019년 07월 20일","1.465","1.465","1.465","1.465","0.76%"
"2019년 07월 19일","1.454","1.478","1.478","1.440","-1.09%"
"2019년 07월 18일","1.470","1.533","1.536","1.469","-5.04%"
"2019년 07월 17일","1.548","1.565","1.572","1.545","-1.65%"
"2019년 07월 16일","1.574","1.559","1.578","1.558","-0.44%"
"2019년 07월 15일","1.581","1.565","1.581","1.553","1.02%"
"2019년 07월 14일","1.565","1.565","1.565","1.565","0.00%"
"2019년 07월 13일","1.565","1.565","1.565","1.565","-0.38%"
"2019년 07월 12일","1.571","1.585","1.588","1.570","1.55%"
"2019년 07월 11일","1.547","1.531","1.549","1.520","-0.90%"
"2019년 07월 10일","1.561","1.551","1.561","1.548","1.56%"
"2019년 07월 09일","1.537","1.537","1.545","1.518","0.13%"
"2019년 07월 08일","1.535","1.563","1.566","1.535","-0.13%"
"2019년 07월 07일","1.537","1.537","1.537","1.537","0.00%"
"2019년 07월 06일","1.537","1.537","1.537","1.537","0.33%"
"2019년 07월 05일","1.532","1.520","1.535","1.507","0.59%"
"2019년 07월 04일","1.523","1.533","1.541","1.520","-0.72%"
"2019년 07월 03일","1.534","1.555","1.555","1.533","-3.40%"
"2019년 07월 02일","1.588","1.592","1.599","1.582","-1.00%"
"2019년 07월 01일","1.604","1.613","1.618","1.587","0.56%"
"2019년 06월 30일","1.595","1.595","1.595","1.595","0.00%"
"2019년 06월 29일","1.595","1.595","1.595","1.595","-0.13%"
"2019년 06월 28일","1.597","1.596","1.608","1.591","-1.11%"
"2019년 06월 27일","1.615","1.612","1.621","1.607","0.44%"
"2019년 06월 26일","1.608","1.598","1.619","1.586","1.52%"
"2019년 06월 25일","1.584","1.557","1.585","1.538","1.34%"
"2019년 06월 24일","1.563","1.581","1.581","1.559","-0.45%"
"2019년 06월 23일","1.570","1.570","1.570","1.570","0.00%"
"2019년 06월 22일","1.570","1.570","1.570","1.570","0.00%"
"2019년 06월 21일","1.570","1.555","1.570","1.545","1.75%"
"2019년 06월 20일","1.543","1.563","1.563","1.531","-3.68%"
"2019년 06월 19일","1.602","1.595","1.610","1.593","-0.74%"
"2019년 06월 18일","1.614","1.619","1.627","1.593","-0.43%"
"2019년 06월 17일","1.621","1.605","1.625","1.605","2.14%"
"2019년 06월 16일","1.587","1.587","1.587","1.587","0.00%"
"2019년 06월 15일","1.587","1.587","1.587","1.587","-0.31%"
"2019년 06월 14일","1.592","1.602","1.608","1.586","-1.24%"
"2019년 06월 13일","1.612","1.609","1.613","1.577","0.88%"
"2019년 06월 12일","1.598","1.659","1.662","1.593","-4.88%"
"2019년 06월 11일","1.680","1.658","1.681","1.658","1.39%"
"2019년 06월 10일","1.657","1.640","1.659","1.637","1.35%"
"2019년 06월 09일","1.635","1.635","1.635","1.635","0.00%"
"2019년 06월 08일","1.635","1.635","1.635","1.635","0.00%"
"2019년 06월 07일","1.635","1.671","1.673","1.635","-0.91%"
"2019년 06월 06일","1.650","1.650","1.650","1.650","-0.24%"
"2019년 06월 05일","1.654","1.695","1.697","1.647","-1.78%"
"2019년 06월 04일","1.684","1.677","1.692","1.676","-0.41%"
"2019년 06월 03일","1.691","1.681","1.697","1.680","1.32%"
"2019년 06월 02일","1.669","1.669","1.669","1.669","0.00%"
"2019년 06월 01일","1.669","1.669","1.669","1.669","-0.77%"
"2019년 05월 31일","1.682","1.728","1.730","1.680","-3.39%"
"2019년 05월 30일","1.741","1.753","1.760","1.737","-0.06%"
"2019년 05월 29일","1.742","1.773","1.775","1.741","-3.01%"
"2019년 05월 28일","1.796","1.794","1.812","1.788","-0.11%"
"2019년 05월 27일","1.798","1.796","1.803","1.791","0.17%"
"2019년 05월 26일","1.795","1.795","1.795","1.795","0.00%"
"2019년 05월 25일","1.795","1.795","1.795","1.795","0.22%"
"2019년 05월 24일","1.791","1.781","1.801","1.779","-1.00%"
"2019년 05월 23일","1.809","1.816","1.817","1.798","-1.15%"
"2019년 05월 22일","1.830","1.837","1.837","1.824","0.05%"
"2019년 05월 21일","1.829","1.845","1.855","1.823","-0.97%"
"2019년 05월 20일","1.847","1.843","1.852","1.839","1.21%"
"2019년 05월 19일","1.825","1.825","1.825","1.825","0.00%"
"2019년 05월 18일","1.825","1.825","1.825","1.825","0.27%"
"2019년 05월 17일","1.820","1.820","1.843","1.817","0.00%"
"2019년 05월 16일","1.820","1.842","1.847","1.820","-2.41%"
"2019년 05월 15일","1.865","1.859","1.868","1.856","-0.21%"
"2019년 05월 14일","1.869","1.855","1.871","1.850","-0.27%"
"2019년 05월 13일","1.874","1.858","1.874","1.858","-0.05%"
"2019년 05월 12일","1.875","1.875","1.875","1.875","0.00%"
"2019년 05월 11일","1.875","1.875","1.875","1.875","0.16%"
"2019년 05월 10일","1.872","1.870","1.877","1.853","0.54%"
"2019년 05월 09일","1.862","1.875","1.876","1.858","-0.75%"
"2019년 05월 08일","1.876","1.867","1.883","1.865","-0.48%"
"2019년 05월 07일","1.885","1.857","1.885","1.857","-0.89%"
"2019년 05월 06일","1.902","1.902","1.902","1.902","0.00%"
"2019년 05월 05일","1.902","1.902","1.902","1.902","0.00%"
"2019년 05월 04일","1.902","1.902","1.902","1.902","0.11%"
"2019년 05월 03일","1.900","1.886","1.909","1.876","0.80%"
"2019년 05월 02일","1.885","1.859","1.886","1.859","2.17%"
"2019년 05월 01일","1.845","1.845","1.845","1.845","0.00%"
"2019년 04월 30일","1.845","1.871","1.871","1.844","-0.97%"
"2019년 04월 29일","1.863","1.872","1.878","1.862","-0.64%"
"2019년 04월 28일","1.875","1.875","1.875","1.875","0.00%"
"2019년 04월 27일","1.875","1.875","1.875","1.875","-0.05%"
"2019년 04월 26일","1.876","1.876","1.883","1.864","-0.16%"
"2019년 04월 25일","1.879","1.852","1.883","1.850","-1.73%"
"2019년 04월 24일","1.912","1.921","1.931","1.905","-0.57%"
"2019년 04월 23일","1.923","1.932","1.932","1.911","-0.31%"
"2019년 04월 22일","1.929","1.910","1.938","1.909","0.99%"
"2019년 04월 21일","1.910","1.910","1.910","1.910","0.00%"
"2019년 04월 20일","1.910","1.910","1.910","1.910","0.58%"
"2019년 04월 19일","1.899","1.887","1.913","1.887","0.37%"
"2019년 04월 18일","1.892","1.947","1.948","1.882","-2.87%"
"2019년 04월 17일","1.948","1.935","1.960","1.935","0.83%"
"2019년 04월 16일","1.932","1.923","1.938","1.906","0.26%"
"2019년 04월 15일","1.927","1.924","1.929","1.917","2.23%"
"2019년 04월 14일","1.885","1.885","1.885","1.885","0.00%"
"2019년 04월 13일","1.885","1.885","1.885","1.885","0.21%"
"2019년 04월 12일","1.881","1.877","1.889","1.873","0.80%"
"2019년 04월 11일","1.866","1.856","1.872","1.856","-0.27%"
"2019년 04월 10일","1.871","1.872","1.876","1.862","-0.16%"
"2019년 04월 09일","1.874","1.878","1.888","1.866","0.37%"
"2019년 04월 08일","1.867","1.880","1.880","1.853","-1.48%"
"2019년 04월 07일","1.895","1.895","1.895","1.895","0.00%"
"2019년 04월 06일","1.895","1.895","1.895","1.895","0.16%"
"2019년 04월 05일","1.892","1.887","1.898","1.881","0.80%"
"2019년 04월 04일","1.877","1.887","1.905","1.874","-0.64%"
"2019년 04월 03일","1.889","1.856","1.891","1.848","1.72%"
"2019년 04월 02일","1.857","1.886","1.889","1.854","-0.38%"
"2019년 04월 01일","1.864","1.848","1.865","1.842","1.86%"
"2019년 03월 31일","1.830","1.830","1.830","1.830","0.00%"
"2019년 03월 30일","1.830","1.830","1.830","1.830","-0.16%"
"2019년 03월 29일","1.833","1.818","1.837","1.817","1.27%"
"2019년 03월 28일","1.810","1.840","1.843","1.807","-1.90%"
"2019년 03월 27일","1.845","1.892","1.892","1.842","-3.15%"
"2019년 03월 26일","1.905","1.887","1.908","1.883","1.01%"
"2019년 03월 25일","1.886","1.892","1.896","1.874","-2.38%"
"2019년 03월 24일","1.932","1.932","1.932","1.932","0.00%"
"2019년 03월 23일","1.932","1.932","1.932","1.932","-0.10%"
"2019년 03월 22일","1.934","1.935","1.940","1.922","0.10%"
"2019년 03월 21일","1.932","1.952","1.952","1.928","-2.33%"
"2019년 03월 20일","1.978","1.981","1.984","1.970","-0.05%"
"2019년 03월 19일","1.979","1.992","1.998","1.976","-0.75%"
"2019년 03월 18일","1.994","1.989","1.999","1.983","0.10%"
"2019년 03월 17일","1.992","1.992","1.992","1.992","0.00%"
"2019년 03월 16일","1.992","1.992","1.992","1.992","0.20%"
"2019년 03월 15일","1.988","1.994","1.998","1.985","0.56%"
"2019년 03월 14일","1.977","1.975","1.985","1.968","0.56%"
"2019년 03월 13일","1.966","1.971","1.972","1.962","-1.35%"
"2019년 03월 12일","1.993","1.997","2.006","1.991","0.40%"
"2019년 03월 11일","1.985","1.974","1.989","1.973","0.51%"
"2019년 03월 10일","1.975","1.975","1.975","1.975","0.00%"
"2019년 03월 09일","1.975","1.975","1.975","1.975","0.10%"
"2019년 03월 08일","1.973","1.978","1.987","1.970","-1.50%"
"2019년 03월 07일","2.003","2.012","2.012","2.000","-0.89%"
"2019년 03월 06일","2.021","2.023","2.028","2.016","-0.44%"
"2019년 03월 05일","2.030","2.019","2.035","2.017","0.15%"
"2019년 03월 04일","2.027","2.026","2.032","2.021","2.12%"
"2019년 03월 03일","1.985","1.985","1.985","1.985","0.00%"
"2019년 03월 02일","1.985","1.985","1.985","1.985","0.00%"
"2019년 03월 01일","1.985","1.985","1.985","1.985","-0.10%"
"2019년 02월 28일","1.987","1.992","2.007","1.978","0.10%"
"2019년 02월 27일","1.985","2.000","2.003","1.980","-0.95%"
"2019년 02월 26일","2.004","2.011","2.012","1.994","-0.35%"
"2019년 02월 25일","2.011","2.001","2.011","1.996","0.45%"
"2019년 02월 24일","2.002","2.002","2.002","2.002","0.00%"
"2019년 02월 23일","2.002","2.002","2.002","2.002","-0.35%"
"2019년 02월 22일","2.009","2.017","2.019","2.003","0.00%"
"2019년 02월 21일","2.009","1.986","2.023","1.981","0.85%"
"2019년 02월 20일","1.992","1.990","1.997","1.985","-0.20%"
"2019년 02월 19일","1.996","1.992","2.005","1.990","-0.05%"
"2019년 02월 18일","1.997","1.972","1.997","1.972","1.63%"
"2019년 02월 17일","1.965","1.965","1.965","1.965","0.00%"
"2019년 02월 16일","1.965","1.965","1.965","1.965","0.20%"
"2019년 02월 15일","1.961","1.961","1.970","1.956","-1.70%"
"2019년 02월 14일","1.995","1.988","1.996","1.980","0.45%"
"2019년 02월 13일","1.986","1.985","1.997","1.974","0.46%"
"2019년 02월 12일","1.977","1.950","1.980","1.947","1.70%"
"2019년 02월 11일","1.944","1.959","1.965","1.943","-0.92%"
"2019년 02월 10일","1.962","1.962","1.962","1.962","0.00%"
"2019년 02월 09일","1.962","1.962","1.962","1.962","-0.20%"
"2019년 02월 08일","1.966","1.980","1.980","1.953","-1.45%"
"2019년 02월 07일","1.995","1.984","1.999","1.974","0.61%"
"2019년 02월 06일","1.983","1.983","1.983","1.983","0.00%"
"2019년 02월 05일","1.983","1.983","1.983","1.983","0.00%"
"2019년 02월 04일","1.983","1.983","1.983","1.983","0.00%"
"2019년 02월 03일","1.983","1.983","1.983","1.983","0.00%"
"2019년 02월 02일","1.983","1.983","1.983","1.983","0.00%"
"2019년 02월 01일","1.983","1.997","2.004","1.975","-0.95%"
"2019년 01월 31일","2.002","2.029","2.032","2.000","-2.63%"
"2019년 01월 30일","2.056","2.022","2.056","2.022","1.23%"
"2019년 01월 29일","2.031","2.016","2.038","2.012","0.49%"
"2019년 01월 28일","2.021","2.009","2.024","2.009","0.95%"
"2019년 01월 27일","2.002","2.002","2.002","2.002","0.00%"
"2019년 01월 26일","2.002","2.002","2.002","2.002","-0.20%"
"2019년 01월 25일","2.006","1.987","2.009","1.979","0.65%"
"2019년 01월 24일","1.993","1.980","1.994","1.972","0.50%"
"2019년 01월 23일","1.983","1.995","2.004","1.977","-0.80%"
"2019년 01월 22일","1.999","2.025","2.025","1.996","-1.28%"
"2019년 01월 21일","2.025","2.021","2.025","2.009","0.65%"
"2019년 01월 20일","2.012","2.012","2.012","2.012","0.00%"
"2019년 01월 19일","2.012","2.012","2.012","2.012","0.40%"
"2019년 01월 18일","2.004","2.001","2.005","1.991","1.52%"
"2019년 01월 17일","1.974","1.977","1.990","1.968","-0.40%"
"2019년 01월 16일","1.982","1.970","1.988","1.960","0.71%"
"2019년 01월 15일","1.968","1.975","1.985","1.967","-0.35%"
"2019년 01월 14일","1.975","1.995","2.008","1.975","-1.00%"
"2019년 01월 13일","1.995","1.995","1.995","1.995","0.00%"
"2019년 01월 12일","1.995","1.995","1.995","1.995","0.25%"
"2019년 01월 11일","1.990","1.975","1.990","1.968","1.12%"
"2019년 01월 10일","1.968","1.978","1.989","1.959","-0.96%"
"2019년 01월 09일","1.987","2.007","2.020","1.985","-0.30%"
"2019년 01월 08일","1.993","1.984","2.003","1.972","0.91%"
"2019년 01월 07일","1.975","1.989","1.993","1.966","0.41%"
"2019년 01월 06일","1.967","1.967","1.967","1.967","0.00%"
"2019년 01월 05일","1.967","1.967","1.967","1.967","-0.66%"
"2019년 01월 04일","1.980","1.934","1.995","1.919","1.49%"
"2019년 01월 03일","1.951","1.928","1.953","1.921","0.21%"
"2019년 01월 02일","1.947","1.934","1.951","1.913","-0.46%"
"2019년 01월 01일","1.956","1.956","1.956","1.956","0.00%"
"2018년 12월 31일","1.956","1.959","1.959","1.937","0.00%"
"2018년 12월 30일","1.956","1.956","1.956","1.956","0.98%"
"2018년 12월 28일","1.937","1.959","1.959","1.937","-0.31%"
"2018년 12월 27일","1.943","1.968","1.971","1.939","-0.36%"
"2018년 12월 26일","1.950","1.970","1.973","1.925","-2.01%"
"2018년 12월 25일","1.990","1.990","1.990","1.990","0.00%"
"2018년 12월 24일","1.990","1.988","1.993","1.970","0.76%"
"2018년 12월 23일","1.975","1.975","1.975","1.975","0.00%"
"2018년 12월 22일","1.975","1.975","1.975","1.975","0.25%"
"2018년 12월 21일","1.970","1.950","1.977","1.942","2.02%"
"2018년 12월 20일","1.931","1.926","1.946","1.902","-0.36%"
"2018년 12월 19일","1.938","1.944","1.947","1.913","-2.27%"
"2018년 12월 18일","1.983","1.990","1.999","1.967","-1.05%"
"2018년 12월 17일","2.004","2.005","2.005","1.986","0.20%"
"2018년 12월 16일","2.000","2.000","2.000","2.000","0.00%"
"2018년 12월 15일","2.000","2.000","2.000","2.000","-0.10%"
"2018년 12월 14일","2.002","2.010","2.012","1.997","-0.74%"
"2018년 12월 13일","2.017","2.010","2.022","2.005","0.35%"
"2018년 12월 12일","2.010","1.986","2.013","1.986","1.52%"
"2018년 12월 11일","1.980","1.973","1.988","1.973","0.10%"
"2018년 12월 10일","1.978","1.970","1.986","1.966","-0.20%"
"2018년 12월 09일","1.982","1.982","1.982","1.982","0.00%"
"2018년 12월 08일","1.982","1.982","1.982","1.982","0.00%"
"2018년 12월 07일","1.982","1.983","2.011","1.982","0.00%"
"2018년 12월 06일","1.982","2.144","2.144","1.982","-3.69%"
"2018년 12월 05일","2.058","2.077","2.079","2.051","-2.09%"
"2018년 12월 04일","2.102","2.100","2.118","2.082","-1.27%"
"2018년 12월 03일","2.129","2.130","2.138","2.110","0.90%"
"2018년 12월 02일","2.110","2.110","2.110","2.110","0.00%"
"2018년 12월 01일","2.110","2.110","2.110","2.110","0.24%"
"2018년 11월 30일","2.105","2.122","2.128","2.084","-0.33%"
"2018년 11월 29일","2.112","2.137","2.137","2.102","-2.04%"
"2018년 11월 28일","2.156","2.151","2.162","2.148","0.28%"
"2018년 11월 27일","2.150","2.169","2.178","2.146","-0.74%"
"2018년 11월 26일","2.166","2.175","2.180","2.165","0.05%"
"2018년 11월 25일","2.165","2.165","2.165","2.165","0.00%"
"2018년 11월 24일","2.165","2.165","2.165","2.165","-0.18%"
"2018년 11월 23일","2.169","2.195","2.198","2.160","-1.68%"
"2018년 11월 22일","2.206","2.208","2.210","2.198","-0.05%"
"2018년 11월 21일","2.207","2.208","2.210","2.190","0.05%"
"2018년 11월 20일","2.206","2.191","2.213","2.190","0.18%"
"2018년 11월 19일","2.202","2.207","2.211","2.189","-0.81%"
"2018년 11월 18일","2.220","2.220","2.220","2.220","0.00%"
"2018년 11월 16일","2.220","2.228","2.241","2.220","-0.49%"
"2018년 11월 15일","2.231","2.198","2.243","2.189","1.73%"
"2018년 11월 14일","2.193","2.201","2.203","2.189","-1.13%"
"2018년 11월 13일","2.218","2.197","2.229","2.185","0.36%"
"2018년 11월 12일","2.210","2.213","2.224","2.208","-0.67%"
"2018년 11월 11일","2.225","2.225","2.225","2.225","-0.54%"
"2018년 11월 09일","2.237","2.257","2.257","2.221","-0.97%"
"2018년 11월 08일","2.259","2.282","2.282","2.254","-0.26%"
"2018년 11월 07일","2.265","2.292","2.312","2.254","-1.22%"
"2018년 11월 06일","2.293","2.288","2.302","2.272","0.26%"
"2018년 11월 05일","2.287","2.291","2.297","2.267","0.31%"
"2018년 11월 04일","2.280","2.280","2.280","2.280","0.00%"
"2018년 11월 03일","2.280","2.280","2.280","2.280","-0.22%"
"2018년 11월 02일","2.285","2.270","2.307","2.252","1.47%"
"2018년 11월 01일","2.252","2.245","2.277","2.245","0.49%"
"2018년 10월 31일","2.241","2.204","2.252","2.198","0.95%"
"2018년 10월 30일","2.220","2.180","2.221","2.171","1.88%"
"2018년 10월 29일","2.179","2.242","2.259","2.179","-3.24%"
"2018년 10월 28일","2.252","2.252","2.252","2.252","0.00%"
"2018년 10월 27일","2.252","2.252","2.252","2.252","0.36%"
"2018년 10월 26일","2.244","2.265","2.268","2.225","-0.93%"
"2018년 10월 25일","2.265","2.278","2.278","2.256","-1.95%"
"2018년 10월 24일","2.310","2.319","2.324","2.296","0.13%"
"2018년 10월 23일","2.307","2.330","2.351","2.297","-1.58%"
"2018년 10월 22일","2.344","2.321","2.346","2.313","0.95%"
"2018년 10월 21일","2.322","2.322","2.322","2.322","0.00%"
"2018년 10월 20일","2.322","2.322","2.322","2.322","0.13%"
"2018년 10월 19일","2.319","2.299","2.326","2.279","1.18%"
"2018년 10월 18일","2.292","2.349","2.356","2.292","-2.09%"
"2018년 10월 17일","2.341","2.376","2.383","2.331","-1.68%"
"2018년 10월 16일","2.381","2.388","2.396","2.375","0.04%"
"2018년 10월 15일","2.380","2.396","2.396","2.377","-0.83%"
"2018년 10월 14일","2.400","2.400","2.400","2.400","0.00%"
"2018년 10월 13일","2.400","2.400","2.400","2.400","0.00%"
"2018년 10월 12일","2.400","2.377","2.409","2.373","1.78%"
"2018년 10월 11일","2.358","2.385","2.391","2.356","-2.28%"
"2018년 10월 10일","2.413","2.428","2.428","2.404","-1.19%"
"2018년 10월 09일","2.442","2.442","2.442","2.442","-0.53%"
"2018년 10월 08일","2.455","2.462","2.465","2.442","0.41%"
"2018년 10월 07일","2.445","2.445","2.445","2.445","0.00%"
"2018년 10월 06일","2.445","2.445","2.445","2.445","-0.41%"
"2018년 10월 05일","2.455","2.459","2.464","2.444","0.37%"
"2018년 10월 04일","2.446","2.448","2.455","2.425","2.99%"
"2018년 10월 03일","2.375","2.375","2.375","2.375","0.25%"
"2018년 10월 02일","2.369","2.386","2.403","2.364","-0.63%"
"2018년 10월 01일","2.384","2.370","2.395","2.363","1.23%"
"2018년 09월 30일","2.355","2.355","2.355","2.355","0.00%"
"2018년 09월 29일","2.355","2.355","2.355","2.355","-0.13%"
"2018년 09월 28일","2.358","2.381","2.389","2.346","-0.76%"
"2018년 09월 27일","2.376","2.400","2.438","2.369","-1.41%"
"2018년 09월 26일","2.410","2.410","2.410","2.410","0.00%"
"2018년 09월 25일","2.410","2.410","2.410","2.410","0.00%"
"2018년 09월 24일","2.410","2.410","2.410","2.410","0.00%"
"2018년 09월 23일","2.410","2.410","2.410","2.410","0.00%"
"2018년 09월 22일","2.410","2.410","2.410","2.410","-0.17%"
"2018년 09월 21일","2.414","2.424","2.433","2.408","-0.49%"
"2018년 09월 20일","2.426","2.374","2.426","2.370","2.36%"
"2018년 09월 19일","2.370","2.360","2.375","2.355","1.24%"
"2018년 09월 18일","2.341","2.313","2.345","2.303","1.17%"
"2018년 09월 17일","2.314","2.316","2.328","2.305","0.17%"
"2018년 09월 16일","2.310","2.310","2.310","2.310","0.00%"
"2018년 09월 15일","2.310","2.310","2.310","2.310","0.09%"
"2018년 09월 14일","2.308","2.266","2.316","2.265","2.17%"
"2018년 09월 13일","2.259","2.258","2.376","2.255","0.18%"
"2018년 09월 12일","2.255","2.262","2.278","2.250","-0.84%"
"2018년 09월 11일","2.274","2.249","2.278","2.248","0.62%"
"2018년 09월 10일","2.260","2.280","2.288","2.251","-0.09%"
"2018년 09월 09일","2.262","2.262","2.262","2.262","0.00%"
"2018년 09월 08일","2.262","2.262","2.262","2.262","-0.35%"
"2018년 09월 07일","2.270","2.269","2.283","2.259","-0.04%"
"2018년 09월 06일","2.271","2.274","2.280","2.231","-0.22%"
"2018년 09월 05일","2.276","2.301","2.309","2.274","-0.91%"
"2018년 09월 04일","2.297","2.291","2.306","2.283","0.26%"
"2018년 09월 03일","2.291","2.319","2.321","2.291","-0.82%"
"2018년 09월 02일","2.310","2.310","2.310","2.310","0.00%"
"2018년 09월 01일","2.310","2.310","2.310","2.310","-0.09%"
"2018년 08월 31일","2.312","2.364","2.368","2.310","-2.32%"
"2018년 08월 30일","2.367","2.365","2.374","2.358","0.21%"
"2018년 08월 29일","2.362","2.369","2.369","2.353","0.38%"
"2018년 08월 28일","2.353","2.377","2.385","2.353","-0.80%"
"2018년 08월 27일","2.372","2.376","2.377","2.365","-0.21%"
"2018년 08월 26일","2.377","2.377","2.377","2.377","0.00%"
"2018년 08월 25일","2.377","2.377","2.377","2.377","-0.17%"
"2018년 08월 24일","2.381","2.389","2.404","2.380","-0.58%"
"2018년 08월 23일","2.395","2.388","2.407","2.377","-0.13%"
"2018년 08월 22일","2.398","2.378","2.400","2.366","0.71%"
"2018년 08월 21일","2.381","2.400","2.423","2.367","-1.04%"
"2018년 08월 20일","2.406","2.435","2.438","2.403","-0.87%"
"2018년 08월 19일","2.427","2.427","2.427","2.427","0.00%"
"2018년 08월 18일","2.427","2.427","2.427","2.427","-0.33%"
"2018년 08월 17일","2.435","2.464","2.472","2.434","-1.62%"
"2018년 08월 16일","2.475","2.492","2.493","2.472","-0.80%"
"2018년 08월 15일","2.495","2.495","2.495","2.495","-0.44%"
"2018년 08월 14일","2.506","2.496","2.507","2.486","0.00%"
"2018년 08월 13일","2.506","2.497","2.516","2.491","0.40%"
"2018년 08월 12일","2.496","2.496","2.496","2.496","0.00%"
"2018년 08월 11일","2.496","2.496","2.496","2.496","0.32%"
"2018년 08월 10일","2.488","2.510","2.517","2.488","-1.31%"
"2018년 08월 09일","2.521","2.553","2.554","2.521","-1.45%"
"2018년 08월 08일","2.558","2.565","2.572","2.556","0.04%"
"2018년 08월 07일","2.557","2.563","2.563","2.552","-0.16%"
"2018년 08월 06일","2.561","2.570","2.577","2.560","-0.54%"
"2018년 08월 05일","2.575","2.575","2.575","2.575","0.00%"
"2018년 08월 04일","2.575","2.575","2.575","2.575","-0.27%"
"2018년 08월 03일","2.582","2.573","2.592","2.573","0.31%"
"2018년 08월 02일","2.574","2.605","2.605","2.571","-0.73%"
"2018년 08월 01일","2.593","2.562","2.599","2.551","2.09%"
"2018년 07월 31일","2.540","2.576","2.604","2.540","-1.28%"
"2018년 07월 30일","2.573","2.576","2.579","2.562","0.12%"
"2018년 07월 29일","2.570","2.570","2.570","2.570","0.00%"
"2018년 07월 28일","2.570","2.570","2.570","2.570","-0.08%"
"2018년 07월 27일","2.572","2.550","2.584","2.534","0.86%"
"2018년 07월 26일","2.550","2.562","2.565","2.545","0.12%"
"2018년 07월 25일","2.547","2.564","2.576","2.547","-1.09%"
"2018년 07월 24일","2.575","2.577","2.584","2.566","1.58%"
"2018년 07월 23일","2.535","2.550","2.551","2.530","0.52%"
"2018년 07월 22일","2.522","2.522","2.522","2.522","0.00%"
"2018년 07월 21일","2.522","2.522","2.522","2.522","0.00%"
"2018년 07월 20일","2.522","2.531","2.542","2.516","-0.67%"
"2018년 07월 19일","2.539","2.540","2.546","2.530","0.36%"
"2018년 07월 18일","2.530","2.546","2.554","2.530","-0.86%"
"2018년 07월 17일","2.552","2.553","2.557","2.544","0.20%"
"2018년 07월 16일","2.547","2.555","2.567","2.536","-0.39%"
"2018년 07월 15일","2.557","2.557","2.557","2.557","0.00%"
"2018년 07월 14일","2.557","2.557","2.557","2.557","0.04%"
"2018년 07월 13일","2.556","2.547","2.558","2.544","0.83%"
"2018년 07월 12일","2.535","2.520","2.554","2.516","0.60%"
"2018년 07월 11일","2.520","2.534","2.537","2.512","-1.37%"
"2018년 07월 10일","2.555","2.560","2.564","2.551","-0.16%"
"2018년 07월 09일","2.559","2.554","2.575","2.554","0.16%"
"2018년 07월 08일","2.555","2.555","2.555","2.555","0.00%"
"2018년 07월 07일","2.555","2.555","2.555","2.555","-0.08%"
"2018년 07월 06일","2.557","2.539","2.575","2.537","0.47%"
"2018년 07월 05일","2.545","2.553","2.562","2.525","-0.08%"
"2018년 07월 04일","2.547","2.570","2.570","2.547","-1.16%"
"2018년 07월 03일","2.577","2.550","2.579","2.544","1.82%"
"2018년 07월 02일","2.531","2.555","2.570","2.531","-0.94%"
"2018년 07월 01일","2.555","2.555","2.555","2.555","0.00%"
"2018년 06월 30일","2.555","2.555","2.555","2.555","0.00%"
"2018년 06월 29일","2.555","2.555","2.580","2.548","0.04%"
"2018년 06월 28일","2.554","2.568","2.576","2.543","-0.85%"
"2018년 06월 27일","2.576","2.607","2.612","2.572","-1.68%"
"2018년 06월 26일","2.620","2.595","2.620","2.594","0.46%"
"2018년 06월 25일","2.608","2.599","2.613","2.595","-0.19%"
"2018년 06월 24일","2.613","2.613","2.613","2.613","0.00%"
"2018년 06월 23일","2.613","2.613","2.613","2.613","0.23%"
"2018년 06월 22일","2.607","2.595","2.609","2.590","0.50%"
"2018년 06월 21일","2.594","2.630","2.635","2.590","-0.95%"
"2018년 06월 20일","2.619","2.635","2.635","2.606","-0.04%"
"2018년 06월 19일","2.620","2.631","2.651","2.612","-1.13%"
"2018년 06월 18일","2.650","2.674","2.674","2.641","-1.01%"
"2018년 06월 17일","2.677","2.677","2.677","2.677","0.00%"
"2018년 06월 16일","2.677","2.677","2.677","2.677","0.22%"
"2018년 06월 15일","2.671","2.690","2.701","2.671","-1.48%"
"2018년 06월 14일","2.711","2.731","2.734","2.701","-0.15%"
"2018년 06월 13일","2.715","2.715","2.715","2.715","-0.22%"
"2018년 06월 12일","2.721","2.715","2.735","2.699","-0.40%"
"2018년 06월 11일","2.732","2.731","2.744","2.731","0.96%"
"2018년 06월 10일","2.706","2.706","2.706","2.706","0.00%"
"2018년 06월 09일","2.706","2.706","2.706","2.706","-0.51%"
"2018년 06월 08일","2.720","2.745","2.753","2.717","-1.09%"
"2018년 06월 07일","2.750","2.745","2.756","2.743","1.21%"
"2018년 06월 06일","2.717","2.717","2.717","2.717","0.04%"
"2018년 06월 05일","2.716","2.733","2.742","2.716","-0.62%"
"2018년 06월 04일","2.733","2.714","2.733","2.711","1.15%"
"2018년 06월 03일","2.702","2.702","2.702","2.702","0.00%"
"2018년 06월 02일","2.702","2.702","2.702","2.702","-0.04%"
"2018년 06월 01일","2.703","2.691","2.705","2.684","0.33%"
"2018년 05월 31일","2.694","2.687","2.701","2.672","-0.07%"
"2018년 05월 30일","2.696","2.623","2.713","2.623","-0.04%"
"2018년 05월 29일","2.697","2.701","2.713","2.697","-1.10%"
"2018년 05월 28일","2.727","2.700","2.730","2.693","0.26%"
"2018년 05월 27일","2.720","2.720","2.720","2.720","0.00%"
"2018년 05월 26일","2.720","2.720","2.720","2.720","0.29%"
"2018년 05월 25일","2.712","2.711","2.720","2.701","-0.26%"
"2018년 05월 24일","2.719","2.712","2.719","2.681","-1.31%"
"2018년 05월 23일","2.755","2.756","2.771","2.748","-0.36%"
"2018년 05월 22일","2.765","2.765","2.765","2.765","-0.14%"
"2018년 05월 21일","2.769","2.769","2.771","2.755","0.69%"
"2018년 05월 20일","2.750","2.750","2.750","2.750","0.00%"
"2018년 05월 19일","2.750","2.750","2.750","2.750","-0.79%"
"2018년 05월 18일","2.772","2.801","2.806","2.765","-0.79%"
"2018년 05월 17일","2.794","2.805","2.814","2.769","-0.21%"
"2018년 05월 16일","2.800","2.849","2.849","2.798","-0.57%"
"2018년 05월 15일","2.816","2.804","2.820","2.793","0.72%"
"2018년 05월 14일","2.796","2.793","2.801","2.783","0.39%"
"2018년 05월 12일","2.785","2.785","2.785","2.785","0.00%"
"2018년 05월 11일","2.785","2.779","2.790","2.774","0.51%"
"2018년 05월 10일","2.771","2.803","2.803","2.769","-1.21%"
"2018년 05월 09일","2.805","2.789","2.808","2.778","0.65%"
"2018년 05월 08일","2.787","2.774","2.800","2.768","0.91%"
"2018년 05월 05일","2.762","2.762","2.762","2.762","0.04%"
"2018년 05월 04일","2.761","2.749","2.777","2.748","0.40%"
"2018년 05월 03일","2.750","2.744","2.752","2.731","-0.04%"
"2018년 05월 02일","2.751","2.737","2.765","2.734","1.25%"
"2018년 05월 01일","2.717","2.717","2.717","2.717","0.18%"
"2018년 04월 30일","2.712","2.692","2.712","2.691","0.63%"
"2018년 04월 29일","2.695","2.695","2.695","2.695","0.00%"
"2018년 04월 28일","2.695","2.695","2.695","2.695","-0.19%"
"2018년 04월 27일","2.700","2.720","2.725","2.700","-1.85%"
"2018년 04월 26일","2.751","2.767","2.767","2.751","-0.33%"
"2018년 04월 25일","2.760","2.729","2.761","2.729","1.21%"
"2018년 04월 24일","2.727","2.719","2.730","2.709","0.04%"
"2018년 04월 23일","2.726","2.700","2.729","2.700","2.29%"
"2018년 04월 22일","2.665","2.665","2.665","2.665","0.00%"
"2018년 04월 21일","2.665","2.665","2.665","2.665","-0.26%"
"2018년 04월 20일","2.672","2.671","2.696","2.667","0.87%"
"2018년 04월 19일","2.649","2.654","2.662","2.647","-0.26%"
"2018년 04월 18일","2.656","2.624","2.656","2.622","0.76%"
"2018년 04월 17일","2.636","2.627","2.644","2.627","0.42%"
"2018년 04월 16일","2.625","2.614","2.631","2.614","0.69%"
"2018년 04월 15일","2.607","2.607","2.607","2.607","0.00%"
"2018년 04월 14일","2.607","2.607","2.607","2.607","0.35%"
"2018년 04월 13일","2.598","2.599","2.601","2.585","0.66%"
"2018년 04월 12일","2.581","2.581","2.596","2.569","-0.58%"
"2018년 04월 11일","2.596","2.599","2.612","2.590","-0.99%"
"2018년 04월 10일","2.622","2.593","2.634","2.589","0.34%"
"2018년 04월 09일","2.613","2.595","2.620","2.595","0.42%"
"2018년 04월 07일","2.602","2.602","2.602","2.602","-0.19%"
"2018년 04월 06일","2.607","2.634","2.636","2.600","-0.95%"
"2018년 04월 05일","2.632","2.630","2.643","2.625","0.53%"
"2018년 04월 04일","2.618","2.650","2.650","2.618","-0.61%"
"2018년 04월 03일","2.634","2.626","2.659","2.626","-0.38%"
"2018년 04월 02일","2.644","2.639","2.650","2.638","0.84%"
"2018년 03월 31일","2.622","2.622","2.622","2.622","-0.08%"
"2018년 03월 30일","2.624","2.623","2.642","2.615","-0.68%"
"2018년 03월 29일","2.642","2.642","2.645","2.624","0.11%"
"2018년 03월 28일","2.639","2.634","2.645","2.630","-1.42%"
"2018년 03월 27일","2.677","2.688","2.694","2.675","-0.37%"
"2018년 03월 26일","2.687","2.661","2.691","2.648","1.40%"
"2018년 03월 24일","2.650","2.650","2.650","2.650","0.08%"
"2018년 03월 23일","2.648","2.660","2.663","2.646","-1.71%"
"2018년 03월 22일","2.694","2.719","2.719","2.692","-1.07%"
"2018년 03월 21일","2.723","2.741","2.741","2.717","-0.33%"
"2018년 03월 20일","2.732","2.721","2.739","2.721","0.29%"
"2018년 03월 19일","2.724","2.730","2.741","2.722","0.33%"
"2018년 03월 17일","2.715","2.715","2.715","2.715","0.11%"
"2018년 03월 16일","2.712","2.706","2.718","2.706","0.33%"
"2018년 03월 15일","2.703","2.700","2.705","2.687","-0.30%"
"2018년 03월 14일","2.711","2.730","2.732","2.710","-1.27%"
"2018년 03월 13일","2.746","2.749","2.758","2.736","-0.47%"
"2018년 03월 12일","2.759","2.760","2.765","2.753","0.44%"
"2018년 03월 10일","2.747","2.747","2.747","2.747","0.15%"
"2018년 03월 09일","2.743","2.723","2.748","2.717","0.48%"
"2018년 03월 08일","2.730","2.740","2.742","2.720","0.11%"
"2018년 03월 07일","2.727","2.740","2.743","2.720","-1.16%"
"2018년 03월 06일","2.759","2.759","2.766","2.748","0.80%"
"2018년 03월 05일","2.737","2.770","2.770","2.730","-0.65%"
"2018년 03월 03일","2.755","2.755","2.755","2.755","0.73%"
"2018년 03월 02일","2.735","2.716","2.756","2.696","0.00%"
"2018년 03월 01일","2.735","2.736","2.736","2.735","-0.04%"
"2018년 02월 28일","2.736","2.750","2.759","2.736","0.26%"
"2018년 02월 27일","2.729","2.744","2.768","2.725","-1.23%"
"2018년 02월 26일","2.763","2.775","2.785","2.763","-1.22%"
"2018년 02월 24일","2.797","2.797","2.797","2.797","0.18%"
"2018년 02월 23일","2.792","2.803","2.815","2.781","-0.43%"
"2018년 02월 22일","2.804","2.822","2.832","2.801","0.11%"
"2018년 02월 21일","2.801","2.792","2.809","2.781","-0.18%"
"2018년 02월 20일","2.806","2.789","2.829","2.789","0.29%"
"2018년 02월 19일","2.798","2.793","2.818","2.793","1.67%"
"2018년 02월 18일","2.752","2.752","2.752","2.752","0.00%"
"2018년 02월 15일","2.752","2.752","2.752","2.752","-0.40%"
"2018년 02월 14일","2.763","2.776","2.784","2.747","-0.61%"
"2018년 02월 13일","2.780","2.789","2.809","2.776","-0.93%"
"2018년 02월 12일","2.806","2.785","2.809","2.781","1.41%"
"2018년 02월 10일","2.767","2.767","2.767","2.767","0.36%"
"2018년 02월 09일","2.757","2.745","2.763","2.739","0.47%"
"2018년 02월 08일","2.744","2.740","2.755","2.720","0.96%"
"2018년 02월 07일","2.718","2.776","2.776","2.713","-1.09%"
"2018년 02월 06일","2.748","2.747","2.769","2.718","-2.00%"
"2018년 02월 05일","2.804","2.810","2.810","2.775","1.89%"
"2018년 02월 03일","2.752","2.756","2.756","2.752","-0.15%"
"2018년 02월 02일","2.756","2.817","2.824","2.756","0.00%"
"2018년 02월 01일","2.756","2.758","2.790","2.750","-0.47%"
"2018년 01월 31일","2.769","2.794","2.805","2.763","-0.43%"
"2018년 01월 30일","2.781","2.750","2.807","2.747","1.35%"
"2018년 01월 29일","2.744","2.693","2.747","2.689","2.39%"
"2018년 01월 27일","2.680","2.680","2.680","2.680","0.04%"
"2018년 01월 26일","2.679","2.652","2.682","2.649","0.75%"
"2018년 01월 25일","2.659","2.661","2.667","2.648","0.61%"
"2018년 01월 24일","2.643","2.627","2.664","2.620","-0.56%"
"2018년 01월 23일","2.658","2.669","2.679","2.645","0.34%"
"2018년 01월 22일","2.649","2.667","2.703","2.643","0.34%"
"2018년 01월 20일","2.640","2.640","2.640","2.640","0.15%"
"2018년 01월 19일","2.636","2.653","2.666","2.634","0.57%"
"2018년 01월 18일","2.621","2.652","2.652","2.613","-0.61%"
"2018년 01월 17일","2.637","2.639","2.646","2.617","-0.19%"
"2018년 01월 16일","2.642","2.655","2.668","2.637","-0.56%"
"2018년 01월 15일","2.657","2.619","2.668","2.614","1.53%"
"2018년 01월 13일","2.617","2.617","2.617","2.617","-0.23%"
"2018년 01월 12일","2.623","2.606","2.629","2.592","1.31%"
"2018년 01월 11일","2.589","2.618","2.628","2.589","-1.86%"
"2018년 01월 10일","2.638","2.617","2.643","2.611","2.89%"
"2018년 01월 09일","2.564","2.546","2.569","2.543","0.87%"
"2018년 01월 08일","2.542","2.523","2.544","2.523","1.07%"
"2018년 01월 06일","2.515","2.515","2.515","2.515","-0.16%"
"2018년 01월 05일","2.519","2.529","2.531","2.510","-0.16%"
"2018년 01월 04일","2.523","2.506","2.528","2.497","0.60%"
"2018년 01월 03일","2.508","2.508","2.517","2.492","0.80%"
"2018년 01월 02일","2.488","2.466","2.493","2.463","0.85%"
"2017년 12월 29일","2.467","2.467","2.467","2.467","-0.12%"
"2017년 12월 28일","2.470","2.475","2.483","2.466","-0.96%"
"2017년 12월 27일","2.494","2.480","2.515","2.477","0.12%"
"2017년 12월 26일","2.491","2.495","2.523","2.487","0.04%"
"2017년 12월 23일","2.490","2.490","2.490","2.490","-0.24%"
"2017년 12월 22일","2.496","2.466","2.505","2.466","0.44%"
"2017년 12월 21일","2.485","2.497","2.503","2.479","0.73%"
"2017년 12월 20일","2.467","2.448","2.471","2.431","0.65%"
"2017년 12월 19일","2.451","2.448","2.455","2.431","0.78%"
"2017년 12월 18일","2.432","2.437","2.437","2.419","0.08%"
"2017년 12월 16일","2.430","2.433","2.433","2.430","-0.12%"
"2017년 12월 15일","2.433","2.436","2.442","2.430","-0.69%"
"2017년 12월 14일","2.450","2.434","2.452","2.427","-0.08%"
"2017년 12월 13일","2.452","2.461","2.465","2.438","-0.16%"
"2017년 12월 12일","2.456","2.487","2.487","2.455","-1.09%"
"2017년 12월 11일","2.483","2.477","2.495","2.475","0.12%"
"2017년 12월 09일","2.480","2.485","2.485","2.480","-0.20%"
"2017년 12월 08일","2.485","2.490","2.500","2.485","0.04%"
"2017년 12월 07일","2.484","2.474","2.484","2.464","0.81%"
"2017년 12월 06일","2.464","2.487","2.490","2.463","-1.52%"
"2017년 12월 05일","2.502","2.478","2.504","2.474","0.60%"
"2017년 12월 04일","2.487","2.510","2.510","2.483","0.08%"
"2017년 12월 02일","2.485","2.485","2.485","2.485","-0.24%"
"2017년 12월 01일","2.491","2.496","2.499","2.486","0.65%"
"2017년 11월 30일","2.475","2.490","2.508","2.463","-0.28%"
"2017년 11월 29일","2.482","2.488","2.502","2.474","0.16%"
"2017년 11월 28일","2.478","2.540","2.540","2.474","-2.09%"
"2017년 11월 27일","2.531","2.532","2.539","2.524","-0.35%"
"2017년 11월 25일","2.540","2.540","2.540","2.540","0.12%"
"2017년 11월 24일","2.537","2.528","2.540","2.512","0.67%"
"2017년 11월 23일","2.520","2.528","2.536","2.512","-0.83%"
"2017년 11월 22일","2.541","2.544","2.551","2.534","-0.04%"
"2017년 11월 21일","2.542","2.549","2.552","2.539","-0.20%"
"2017년 11월 20일","2.547","2.566","2.571","2.547","-0.89%"
"2017년 11월 18일","2.570","2.570","2.570","2.570","0.00%"
"2017년 11월 17일","2.570","2.578","2.579","2.558","0.39%"
"2017년 11월 16일","2.560","2.557","2.571","2.548","-0.43%"
"2017년 11월 15일","2.571","2.594","2.609","2.568","-1.49%"
"2017년 11월 14일","2.610","2.596","2.610","2.583","1.08%"
"2017년 11월 13일","2.582","2.603","2.619","2.582","0.47%"
"2017년 11월 11일","2.570","2.570","2.570","2.570","0.35%"
"2017년 11월 10일","2.561","2.542","2.561","2.538","0.95%"
"2017년 11월 09일","2.537","2.539","2.556","2.527","-0.24%"
"2017년 11월 08일","2.543","2.533","2.547","2.514","0.08%"
"2017년 11월 07일","2.541","2.527","2.560","2.527","-0.31%"
"2017년 11월 06일","2.549","2.517","2.555","2.517","0.67%"
"2017년 11월 04일","2.532","2.532","2.532","2.532","0.28%"
"2017년 11월 03일","2.525","2.503","2.529","2.490","-0.16%"
"2017년 11월 02일","2.529","2.530","2.545","2.525","-0.71%"
"2017년 11월 01일","2.547","2.575","2.594","2.547","-0.82%"
"2017년 10월 31일","2.568","2.507","2.572","2.505","1.86%"
"2017년 10월 30일","2.521","2.525","2.525","2.496","-0.55%"
"2017년 10월 29일","2.535","2.535","2.535","2.535","0.00%"
"2017년 10월 28일","2.535","2.535","2.535","2.535","-0.16%"
"2017년 10월 27일","2.539","2.545","2.600","2.531","-0.16%"
"2017년 10월 26일","2.543","2.518","2.548","2.495","1.60%"
"2017년 10월 25일","2.503","2.477","2.504","2.472","1.91%"
"2017년 10월 24일","2.456","2.451","2.477","2.429","-0.20%"
"2017년 10월 23일","2.461","2.464","2.488","2.444","-0.36%"
"2017년 10월 22일","2.470","2.470","2.470","2.470","0.00%"
"2017년 10월 21일","2.470","2.470","2.470","2.470","-0.04%"
"2017년 10월 20일","2.471","2.428","2.495","2.408","1.73%"
"2017년 10월 19일","2.429","2.405","2.437","2.388","1.55%"
"2017년 10월 18일","2.392","2.395","2.398","2.383","-0.37%"
"2017년 10월 17일","2.401","2.403","2.404","2.387","0.25%"
"2017년 10월 16일","2.395","2.385","2.407","2.382","0.21%"
"2017년 10월 14일","2.390","2.390","2.390","2.390","-0.04%"
"2017년 10월 13일","2.391","2.388","2.394","2.375","0.08%"
"2017년 10월 12일","2.389","2.408","2.411","2.387","-1.20%"
"2017년 10월 11일","2.418","2.405","2.430","2.402","0.00%"
"2017년 10월 10일","2.418","2.389","2.430","2.389","2.03%"
"2017년 10월 09일","2.370","2.370","2.370","2.370","0.00%"
"2017년 10월 03일","2.370","2.370","2.370","2.370","0.00%"
"2017년 10월 02일","2.370","2.370","2.370","2.370","0.00%"
"2017년 09월 30일","2.370","2.370","2.370","2.370","-0.21%"
"2017년 09월 29일","2.375","2.392","2.403","2.375","-0.71%"
"2017년 09월 28일","2.392","2.391","2.435","2.377","1.40%"
"2017년 09월 27일","2.359","2.322","2.359","2.320","2.12%"
"2017년 09월 26일","2.310","2.287","2.310","2.282","1.81%"
"2017년 09월 25일","2.269","2.266","2.281","2.260","0.31%"
"2017년 09월 23일","2.262","2.262","2.262","2.262","-0.26%"
"2017년 09월 22일","2.268","2.275","2.298","2.265","-0.53%"
"2017년 09월 21일","2.280","2.292","2.301","2.276","-0.18%"
"2017년 09월 20일","2.284","2.297","2.303","2.283","-0.35%"
"2017년 09월 19일","2.292","2.281","2.294","2.278","1.24%"
"2017년 09월 18일","2.264","2.260","2.267","2.255","0.62%"
"2017년 09월 16일","2.250","2.250","2.250","2.250","0.09%"
"2017년 09월 15일","2.248","2.248","2.251","2.242","0.18%"
"2017년 09월 14일","2.244","2.248","2.249","2.238","0.13%"
"2017년 09월 13일","2.241","2.264","2.264","2.236","-0.44%"
"2017년 09월 12일","2.251","2.269","2.272","2.246","0.04%"
"2017년 09월 11일","2.250","2.245","2.255","2.243","0.67%"
"2017년 09월 10일","2.235","2.235","2.235","2.235","-0.22%"
"2017년 09월 08일","2.240","2.246","2.250","2.232","-1.50%"
"2017년 09월 07일","2.274","2.271","2.288","2.271","-0.26%"
"2017년 09월 06일","2.280","2.281","2.284","2.268","-1.21%"
"2017년 09월 05일","2.308","2.300","2.318","2.299","0.00%"
"2017년 09월 04일","2.308","2.312","2.312","2.298","1.36%"
"2017년 09월 02일","2.277","2.277","2.277","2.277","0.31%"
"2017년 09월 01일","2.270","2.267","2.277","2.262","0.40%"
"2017년 08월 31일","2.261","2.250","2.269","2.242","0.76%"
"2017년 08월 30일","2.244","2.254","2.254","2.237","-0.80%"
"2017년 08월 29일","2.262","2.263","2.279","2.255","0.40%"
"2017년 08월 28일","2.253","2.258","2.261","2.248","0.04%"
"2017년 08월 26일","2.252","2.252","2.252","2.252","-0.04%"
"2017년 08월 25일","2.253","2.284","2.284","2.252","-1.49%"
"2017년 08월 24일","2.287","2.284","2.290","2.278","-0.65%"
"2017년 08월 23일","2.302","2.308","2.321","2.299","-0.09%"
"2017년 08월 22일","2.304","2.295","2.313","2.295","0.13%"
"2017년 08월 21일","2.301","2.300","2.322","2.300","-0.69%"
"2017년 08월 19일","2.317","2.317","2.317","2.317","0.22%"
"2017년 08월 18일","2.312","2.300","2.312","2.300","-0.34%"
"2017년 08월 17일","2.320","2.305","2.321","2.303","-0.60%"
"2017년 08월 16일","2.334","2.321","2.339","2.321","1.35%"
"2017년 08월 15일","2.303","2.303","2.303","2.303","0.13%"
"2017년 08월 14일","2.300","2.286","2.300","2.279","0.22%"
"2017년 08월 12일","2.295","2.295","2.295","2.295","-0.35%"
"2017년 08월 11일","2.303","2.315","2.321","2.295","-1.07%"
"2017년 08월 10일","2.328","2.344","2.356","2.217","-0.47%"
"2017년 08월 09일","2.339","2.325","2.348","2.324","0.91%"
"2017년 08월 08일","2.318","2.287","2.318","2.281","1.67%"
"2017년 08월 07일","2.280","2.283","2.290","2.278","1.20%"
"2017년 08월 06일","2.253","2.253","2.253","2.253","0.00%"
"2017년 08월 05일","2.253","2.249","2.253","2.249","0.18%"
"2017년 08월 04일","2.249","2.238","2.255","2.234","0.00%"
"2017년 08월 03일","2.249","2.247","2.258","2.244","0.22%"
"2017년 08월 02일","2.244","2.247","2.253","2.244","-0.62%"
"2017년 08월 01일","2.258","2.243","2.262","2.243","1.48%"
"2017년 07월 31일","2.225","2.238","2.238","2.223","0.00%"
"2017년 07월 29일","2.225","2.225","2.225","2.225","-0.40%"
"2017년 07월 28일","2.234","2.216","2.240","2.216","0.95%"
"2017년 07월 27일","2.213","2.219","2.220","2.208","-1.60%"
"2017년 07월 26일","2.249","2.253","2.253","2.236","2.09%"
"2017년 07월 25일","2.203","2.227","2.227","2.203","-0.77%"
"2017년 07월 24일","2.220","2.213","2.221","2.209","0.00%"
"2017년 07월 23일","2.220","2.220","2.220","2.220","0.00%"
"2017년 07월 22일","2.220","2.220","2.220","2.220","0.09%"
"2017년 07월 21일","2.218","2.241","2.241","2.206","-0.81%"
"2017년 07월 20일","2.236","2.258","2.262","2.236","-1.02%"
"2017년 07월 19일","2.259","2.234","2.259","2.232","0.40%"
"2017년 07월 18일","2.250","2.262","2.266","2.248","-1.10%"
"2017년 07월 17일","2.275","2.254","2.277","2.252","1.25%"
"2017년 07월 16일","2.247","2.247","2.247","2.247","0.00%"
"2017년 07월 15일","2.247","2.247","2.247","2.247","-0.22%"
"2017년 07월 14일","2.252","2.259","2.269","2.249","0.81%"
"2017년 07월 13일","2.234","2.260","2.264","2.231","-1.50%"
"2017년 07월 12일","2.268","2.263","2.277","2.259","-0.44%"
"2017년 07월 11일","2.278","2.290","2.298","2.276","-0.65%"
"2017년 07월 10일","2.293","2.311","2.325","2.292","-1.04%"
"2017년 07월 08일","2.317","2.317","2.317","2.317","-0.43%"
"2017년 07월 07일","2.327","2.310","2.329","2.310","2.02%"
"2017년 07월 06일","2.281","2.273","2.284","2.268","0.13%"
"2017년 07월 05일","2.278","2.269","2.282","2.262","-0.04%"
"2017년 07월 04일","2.279","2.259","2.282","2.253","1.97%"
"2017년 07월 03일","2.235","2.228","2.246","2.226","1.04%"
"2017년 07월 02일","2.212","2.212","2.212","2.212","0.00%"
"2017년 07월 01일","2.212","2.214","2.214","2.212","-0.09%"
"2017년 06월 30일","2.214","2.200","2.218","2.193","1.37%"
"2017년 06월 29일","2.184","2.184","2.205","2.169","0.28%"
"2017년 06월 28일","2.178","2.159","2.183","2.146","2.78%"
"2017년 06월 27일","2.119","2.123","2.132","2.119","-0.28%"
"2017년 06월 26일","2.125","2.131","2.140","2.114","-0.23%"
"2017년 06월 25일","2.130","2.130","2.130","2.130","0.00%"
"2017년 06월 24일","2.130","2.130","2.130","2.130","0.05%"
"2017년 06월 23일","2.129","2.129","2.149","2.124","-0.28%"
"2017년 06월 22일","2.135","2.131","2.136","2.124","-0.19%"
"2017년 06월 21일","2.139","2.127","2.148","2.124","-0.14%"
"2017년 06월 20일","2.142","2.171","2.174","2.142","-0.74%"
"2017년 06월 19일","2.158","2.153","2.176","2.153","-0.05%"
"2017년 06월 17일","2.159","2.159","2.159","2.159","0.33%"
"2017년 06월 16일","2.152","2.131","2.155","2.131","1.37%"
"2017년 06월 15일","2.123","2.123","2.134","2.105","-2.35%"
"2017년 06월 14일","2.174","2.189","2.203","2.165","-0.14%"
"2017년 06월 13일","2.177","2.221","2.221","2.168","-2.11%"
"2017년 06월 12일","2.224","2.169","2.232","2.169","2.73%"
"2017년 06월 09일","2.165","2.167","2.178","2.163","-0.37%"
"2017년 06월 08일","2.173","2.160","2.185","2.159","0.60%"
"2017년 06월 07일","2.160","2.170","2.170","2.159","-0.69%"
"2017년 06월 06일","2.175","2.175","2.175","2.175","-0.09%"
"2017년 06월 05일","2.177","2.174","2.186","2.172","-0.91%"
"2017년 06월 03일","2.197","2.197","2.197","2.197","-0.54%"
"2017년 06월 02일","2.209","2.223","2.223","2.201","-0.14%"
"2017년 06월 01일","2.212","2.233","2.234","2.208","-0.45%"
"2017년 05월 31일","2.222","2.216","2.228","2.206","-0.04%"
"2017년 05월 30일","2.223","2.246","2.246","2.221","-1.02%"
"2017년 05월 29일","2.246","2.249","2.261","2.246","0.49%"
"2017년 05월 27일","2.235","2.235","2.235","2.235","-0.09%"
"2017년 05월 26일","2.237","2.253","2.258","2.232","-0.97%"
"2017년 05월 25일","2.259","2.256","2.268","2.246","-0.44%"
"2017년 05월 24일","2.269","2.274","2.274","2.257","0.62%"
"2017년 05월 23일","2.255","2.258","2.277","2.254","-0.66%"
"2017년 05월 22일","2.270","2.262","2.280","2.258","1.70%"
"2017년 05월 20일","2.232","2.232","2.232","2.232","-0.67%"
"2017년 05월 19일","2.247","2.239","2.255","2.224","-0.35%"
"2017년 05월 18일","2.255","2.209","2.255","2.209","0.04%"
"2017년 05월 17일","2.254","2.272","2.277","2.252","-1.91%"
"2017년 05월 16일","2.298","2.297","2.306","2.284","0.04%"
"2017년 05월 15일","2.297","2.262","2.297","2.262","0.22%"
"2017년 05월 13일","2.292","2.292","2.292","2.292","0.22%"
"2017년 05월 12일","2.287","2.302","2.315","2.283","-0.82%"
"2017년 05월 11일","2.306","2.308","2.321","2.293","0.39%"
"2017년 05월 10일","2.297","2.272","2.297","2.264","2.68%"
"2017년 05월 09일","2.237","2.237","2.237","2.237","-0.36%"
"2017년 05월 08일","2.245","2.232","2.252","2.230","1.49%"
"2017년 05월 07일","2.212","2.212","2.212","2.212","0.00%"
"2017년 05월 05일","2.212","2.212","2.212","2.212","0.09%"
"2017년 05월 04일","2.210","2.246","2.253","2.209","-1.21%"
"2017년 05월 03일","2.237","2.237","2.237","2.237","-0.13%"
"2017년 05월 02일","2.240","2.214","2.256","2.214","2.19%"
"2017년 04월 29일","2.192","2.192","2.192","2.192","-0.36%"
"2017년 04월 28일","2.200","2.189","2.200","2.189","0.18%"
"2017년 04월 27일","2.196","2.209","2.211","2.191","-0.54%"
"2017년 04월 26일","2.208","2.226","2.228","2.203","0.64%"
"2017년 04월 25일","2.194","2.194","2.207","2.188","-0.50%"
"2017년 04월 24일","2.205","2.213","2.219","2.203","1.75%"
"2017년 04월 22일","2.167","2.167","2.167","2.167","0.09%"
"2017년 04월 21일","2.165","2.155","2.170","2.153","0.93%"
"2017년 04월 20일","2.145","2.146","2.152","2.139","0.14%"
"2017년 04월 19일","2.142","2.139","2.142","2.129","-1.38%"
"2017년 04월 18일","2.172","2.185","2.188","2.172","0.09%"
"2017년 04월 17일","2.170","2.167","2.175","2.157","-0.64%"
"2017년 04월 15일","2.184","2.184","2.184","2.184","-0.46%"
"2017년 04월 14일","2.194","2.190","2.201","2.168","1.01%"
"2017년 04월 13일","2.172","2.158","2.199","2.153","-1.50%"
"2017년 04월 12일","2.205","2.193","2.221","2.185","0.05%"
"2017년 04월 11일","2.204","2.243","2.255","2.201","-2.17%"
"2017년 04월 10일","2.253","2.224","2.255","2.224","2.55%"
"2017년 04월 08일","2.197","2.197","2.197","2.197","0.32%"
"2017년 04월 07일","2.190","2.177","2.214","2.149","0.37%"
"2017년 04월 06일","2.182","2.134","2.182","2.124","1.91%"
"2017년 04월 05일","2.141","2.140","2.150","2.134","0.09%"
"2017년 04월 04일","2.139","2.139","2.144","2.130","-1.79%"
"2017년 04월 03일","2.178","2.185","2.197","2.163","-0.41%"
"2017년 04월 01일","2.187","2.187","2.187","2.187","0.69%"
"2017년 03월 31일","2.172","2.183","2.192","2.164","-0.55%"
"2017년 03월 30일","2.184","2.152","2.188","2.152","1.16%"
"2017년 03월 29일","2.159","2.184","2.184","2.159","-0.09%"
"2017년 03월 28일","2.161","2.166","2.166","2.144","0.56%"
"2017년 03월 27일","2.149","2.175","2.175","2.147","-1.65%"
"2017년 03월 26일","2.185","2.185","2.185","2.185","0.00%"
"2017년 03월 25일","2.185","2.185","2.185","2.185","0.46%"
"2017년 03월 24일","2.175","2.159","2.181","2.158","1.16%"
"2017년 03월 23일","2.150","2.156","2.162","2.144","-0.09%"
"2017년 03월 22일","2.152","2.154","2.172","2.142","-1.65%"
"2017년 03월 21일","2.188","2.170","2.194","2.159","0.09%"
"2017년 03월 20일","2.186","2.181","2.204","2.177","0.88%"
"2017년 03월 18일","2.167","2.178","2.178","2.167","-0.51%"
"2017년 03월 17일","2.178","2.195","2.203","2.177","0.14%"
"2017년 03월 16일","2.175","2.198","2.202","2.164","-4.10%"
"2017년 03월 15일","2.268","2.292","2.302","2.268","-0.96%"
"2017년 03월 14일","2.290","2.310","2.319","2.289","-0.30%"
"2017년 03월 13일","2.297","2.289","2.322","2.289","-0.43%"
"2017년 03월 11일","2.307","2.307","2.307","2.307","-0.52%"
"2017년 03월 10일","2.319","2.338","2.353","2.314","0.09%"
"2017년 03월 09일","2.317","2.329","2.330","2.305","0.65%"
"2017년 03월 08일","2.302","2.331","2.331","2.295","-0.48%"
"2017년 03월 07일","2.313","2.268","2.322","2.268","2.25%"
"2017년 03월 06일","2.262","2.221","2.274","2.221","1.89%"
"2017년 03월 04일","2.220","2.220","2.220","2.220","-0.54%"
"2017년 03월 03일","2.232","2.238","2.240","2.222","0.31%"
"2017년 03월 02일","2.225","2.233","2.238","2.213","3.15%"
"2017년 03월 01일","2.157","2.157","2.157","2.157","-0.23%"
"2017년 02월 28일","2.162","2.172","2.180","2.157","-0.37%"
"2017년 02월 27일","2.170","2.144","2.189","2.134","-0.09%"
"2017년 02월 25일","2.172","2.172","2.172","2.172","-0.14%"
"2017년 02월 24일","2.175","2.178","2.189","2.150","-1.23%"
"2017년 02월 23일","2.202","2.223","2.232","2.199","-1.96%"
"2017년 02월 22일","2.246","2.195","2.250","2.181","1.95%"
"2017년 02월 21일","2.203","2.191","2.203","2.185","0.87%"
"2017년 02월 20일","2.184","2.128","2.187","2.128","2.06%"
"2017년 02월 18일","2.140","2.140","2.140","2.140","0.19%"
"2017년 02월 17일","2.136","2.130","2.141","2.125","-0.37%"
"2017년 02월 16일","2.144","2.159","2.159","2.134","-0.33%"
"2017년 02월 15일","2.151","2.165","2.165","2.151","0.75%"
"2017년 02월 14일","2.135","2.165","2.175","2.132","-0.74%"
"2017년 02월 13일","2.151","2.145","2.157","2.143","0.47%"
"2017년 02월 11일","2.141","2.141","2.141","2.141","-0.42%"
"2017년 02월 10일","2.150","2.168","2.168","2.149","1.22%"
"2017년 02월 09일","2.124","2.095","2.129","2.092","-0.33%"
"2017년 02월 08일","2.131","2.134","2.153","2.129","-0.23%"
"2017년 02월 07일","2.136","2.133","2.136","2.115","-0.84%"
"2017년 02월 06일","2.154","2.165","2.165","2.147","-1.19%"
"2017년 02월 04일","2.180","2.180","2.180","2.180","-0.23%"
"2017년 02월 03일","2.185","2.169","2.185","2.168","1.39%"
"2017년 02월 02일","2.155","2.179","2.184","2.146","-0.87%"
"2017년 02월 01일","2.174","2.150","2.180","2.150","0.98%"
"2017년 01월 31일","2.153","2.173","2.186","2.151","-1.55%"
"2017년 01월 27일","2.187","2.187","2.187","2.187","-0.18%"
"2017년 01월 26일","2.191","2.172","2.202","2.170","2.67%"
"2017년 01월 25일","2.134","2.125","2.134","2.118","1.47%"
"2017년 01월 24일","2.103","2.103","2.110","2.091","-1.08%"
"2017년 01월 23일","2.126","2.115","2.136","2.101","0.28%"
"2017년 01월 21일","2.120","2.120","2.120","2.120","-0.28%"
"2017년 01월 20일","2.126","2.177","2.187","2.126","-1.98%"
"2017년 01월 19일","2.169","2.168","2.188","2.165","2.07%"
"2017년 01월 18일","2.125","2.090","2.125","2.089","1.14%"
"2017년 01월 17일","2.101","2.115","2.124","2.097","-0.85%"
"2017년 01월 16일","2.119","2.103","2.132","2.102","1.63%"
"2017년 01월 14일","2.085","2.085","2.085","2.085","-0.43%"
"2017년 01월 13일","2.094","2.076","2.110","2.076","1.31%"
"2017년 01월 12일","2.067","2.100","2.104","2.062","-2.87%"
"2017년 01월 11일","2.128","2.107","2.131","2.107","1.29%"
"2017년 01월 10일","2.101","2.103","2.128","2.097","-1.45%"
"2017년 01월 09일","2.132","2.120","2.150","2.118","1.43%"
"2017년 01월 07일","2.102","2.102","2.102","2.102","0.86%"
"2017년 01월 06일","2.084","2.026","2.084","2.023","0.97%"
"2017년 01월 05일","2.064","2.056","2.083","2.056","-1.57%"
"2017년 01월 04일","2.097","2.070","2.100","2.057","1.75%"
"2017년 01월 03일","2.061","2.056","2.073","2.056","0.34%"
"2017년 01월 02일","2.054","2.079","2.079","2.041","-1.82%"
"2016년 12월 30일","2.092","2.092","2.092","2.092","1.65%"
"2016년 12월 29일","2.058","2.060","2.060","2.058","-1.25%"
"2016년 12월 28일","2.084","2.115","2.115","2.081","-1.33%"
"2016년 12월 27일","2.112","2.123","2.131","2.110","-0.09%"
"2016년 12월 26일","2.114","2.114","2.121","2.100","-0.05%"
"2016년 12월 24일","2.115","2.115","2.115","2.115","-0.19%"
"2016년 12월 23일","2.119","2.124","2.124","2.080","1.00%"
"2016년 12월 22일","2.098","2.102","2.136","2.098","-0.57%"
"2016년 12월 21일","2.110","2.165","2.171","2.100","-2.41%"
"2016년 12월 20일","2.162","2.139","2.170","2.108","-0.23%"
"2016년 12월 19일","2.167","2.165","2.180","2.157","0.32%"
"2016년 12월 17일","2.160","2.160","2.160","2.160","-0.28%"
"2016년 12월 16일","2.166","2.220","2.220","2.162","-1.32%"
"2016년 12월 15일","2.195","2.233","2.240","2.189","3.05%"
"2016년 12월 14일","2.130","2.184","2.184","2.130","-3.14%"
"2016년 12월 13일","2.199","2.210","2.226","2.199","-3.17%"
"2016년 12월 12일","2.271","2.248","2.282","2.248","2.99%"
"2016년 12월 09일","2.205","2.210","2.227","2.195","1.89%"
"2016년 12월 08일","2.164","2.091","2.179","2.091","-1.64%"
"2016년 12월 07일","2.200","2.211","2.215","2.174","-0.23%"
"2016년 12월 06일","2.205","2.201","2.207","2.141","0.68%"
"2016년 12월 05일","2.190","2.210","2.243","2.188","-3.10%"
"2016년 12월 03일","2.260","2.260","2.260","2.260","0.04%"
"2016년 12월 02일","2.259","2.257","2.277","2.251","2.59%"
"2016년 12월 01일","2.202","2.229","2.243","2.181","2.61%"
"2016년 11월 30일","2.146","2.118","2.159","2.103","0.28%"
"2016년 11월 29일","2.140","2.133","2.155","2.126","-0.60%"
"2016년 11월 28일","2.153","2.164","2.188","2.145","-1.46%"
"2016년 11월 26일","2.185","2.185","2.185","2.185","0.00%"
"2016년 11월 25일","2.185","2.199","2.250","2.172","0.28%"
"2016년 11월 24일","2.179","2.166","2.206","2.164","1.87%"
"2016년 11월 23일","2.139","2.129","2.153","2.123","0.56%"
"2016년 11월 22일","2.127","2.095","2.144","2.063","0.28%"
"2016년 11월 21일","2.121","2.124","2.163","2.114","-0.70%"
"2016년 11월 19일","2.136","2.136","2.136","2.136","0.05%"
"2016년 11월 18일","2.135","2.130","2.163","2.101","2.40%"
"2016년 11월 17일","2.085","2.092","2.160","2.078","-0.71%"
"2016년 11월 16일","2.100","2.060","2.100","2.026","2.69%"
"2016년 11월 15일","2.045","2.085","2.099","2.030","-0.82%"
"2016년 11월 14일","2.062","1.969","2.083","1.950","5.74%"
"2016년 11월 12일","1.950","1.950","1.950","1.950","0.57%"
"2016년 11월 11일","1.939","1.894","1.948","1.876","6.48%"
"2016년 11월 10일","1.821","1.801","1.839","1.794","8.26%"
"2016년 11월 09일","1.682","1.729","1.736","1.588","-1.18%"
"2016년 11월 08일","1.702","1.695","1.716","1.684","-0.29%"
"2016년 11월 07일","1.707","1.728","1.734","1.705","-0.18%"
"2016년 11월 05일","1.710","1.710","1.710","1.710","0.83%"
"2016년 11월 04일","1.696","1.698","1.703","1.679","0.95%"
"2016년 11월 03일","1.680","1.680","1.713","1.567","-0.71%"
"2016년 11월 02일","1.692","1.710","1.716","1.677","-2.25%"
"2016년 11월 01일","1.731","1.693","1.733","1.693","2.85%"
"2016년 10월 31일","1.683","1.708","1.732","1.681","-2.26%"
"2016년 10월 29일","1.722","1.722","1.722","1.722","0.17%"
"2016년 10월 28일","1.719","1.710","1.729","1.706","3.12%"
"2016년 10월 27일","1.667","1.670","1.680","1.649","2.21%"
"2016년 10월 26일","1.631","1.617","1.650","1.617","-0.43%"
"2016년 10월 25일","1.638","1.612","1.645","1.612","1.93%"
"2016년 10월 24일","1.607","1.632","1.646","1.607","-1.83%"
"2016년 10월 22일","1.637","1.637","1.637","1.637","0.68%"
"2016년 10월 21일","1.626","1.623","1.633","1.585","0.99%"
"2016년 10월 20일","1.610","1.622","1.622","1.605","-0.19%"
"2016년 10월 19일","1.613","1.584","1.619","1.581","-0.19%"
"2016년 10월 18일","1.616","1.611","1.623","1.606","0.06%"
"2016년 10월 17일","1.615","1.604","1.623","1.595","3.73%"
"2016년 10월 15일","1.557","1.550","1.557","1.550","0.45%"
"2016년 10월 14일","1.550","1.544","1.593","1.540","0.45%"
"2016년 10월 13일","1.543","1.575","1.577","1.521","-2.96%"
"2016년 10월 12일","1.590","1.597","1.621","1.584","-1.61%"
"2016년 10월 11일","1.616","1.595","1.619","1.590","4.39%"
"2016년 10월 10일","1.548","1.513","1.548","1.513","1.18%"
"2016년 10월 08일","1.530","1.530","1.530","1.530","0.00%"
"2016년 10월 07일","1.530","1.541","1.550","1.523","-0.78%"
"2016년 10월 06일","1.542","1.526","1.542","1.516","2.05%"
"2016년 10월 05일","1.511","1.506","1.517","1.497","3.85%"
"2016년 10월 04일","1.455","1.460","1.462","1.443","2.18%"
"2016년 10월 01일","1.424","1.424","1.424","1.424","1.64%"
"2016년 09월 30일","1.401","1.443","1.443","1.389","-3.71%"
"2016년 09월 29일","1.455","1.487","1.490","1.455","-0.82%"
"2016년 09월 28일","1.467","1.475","1.479","1.455","-1.81%"
"2016년 09월 27일","1.494","1.472","1.503","1.468","-0.13%"
"2016년 09월 26일","1.496","1.502","1.505","1.476","-0.40%"
"2016년 09월 25일","1.502","1.502","1.502","1.502","0.00%"
"2016년 09월 24일","1.502","1.500","1.502","1.500","0.13%"
"2016년 09월 23일","1.500","1.513","1.522","1.496","-1.12%"
"2016년 09월 22일","1.517","1.540","1.545","1.515","-4.89%"
"2016년 09월 21일","1.595","1.560","1.611","1.557","1.21%"
"2016년 09월 20일","1.576","1.591","1.598","1.572","-0.44%"
"2016년 09월 19일","1.583","1.577","1.583","1.562","1.15%"
"2016년 09월 17일","1.565","1.565","1.565","1.565","0.00%"
"2016년 09월 14일","1.565","1.565","1.565","1.565","-0.51%"
"2016년 09월 13일","1.573","1.558","1.576","1.536","0.51%"
"2016년 09월 12일","1.565","1.565","1.584","1.555","3.78%"
"2016년 09월 10일","1.508","1.508","1.508","1.508","-0.20%"
"2016년 09월 09일","1.511","1.491","1.522","1.485","2.79%"
"2016년 09월 08일","1.470","1.464","1.473","1.449","0.82%"
"2016년 09월 07일","1.458","1.472","1.476","1.457","-3.19%"
"2016년 09월 06일","1.506","1.506","1.513","1.502","-0.40%"
"2016년 09월 05일","1.512","1.523","1.528","1.507","-0.66%"
"2016년 09월 04일","1.522","1.522","1.522","1.522","0.00%"
"2016년 09월 03일","1.522","1.522","1.522","1.522","-0.52%"
"2016년 09월 02일","1.530","1.525","1.536","1.522","0.26%"
"2016년 09월 01일","1.526","1.481","1.526","1.472","3.25%"
"2016년 08월 31일","1.478","1.461","1.490","1.460","1.79%"
"2016년 08월 30일","1.452","1.426","1.452","1.425","0.48%"
"2016년 08월 29일","1.445","1.453","1.457","1.441","2.12%"
"2016년 08월 27일","1.415","1.415","1.415","1.415","-0.56%"
"2016년 08월 26일","1.423","1.426","1.431","1.419","0.14%"
"2016년 08월 25일","1.421","1.420","1.434","1.418","0.21%"
"2016년 08월 24일","1.418","1.417","1.422","1.413","-0.28%"
"2016년 08월 23일","1.422","1.419","1.427","1.417","-0.91%"
"2016년 08월 22일","1.435","1.442","1.442","1.434","0.70%"
"2016년 08월 20일","1.425","1.425","1.425","1.425","0.21%"
"2016년 08월 19일","1.422","1.418","1.436","1.418","0.42%"
"2016년 08월 18일","1.416","1.414","1.421","1.408","-1.32%"
"2016년 08월 17일","1.435","1.436","1.440","1.418","2.87%"
"2016년 08월 16일","1.395","1.404","1.404","1.393","-0.21%"
"2016년 08월 14일","1.398","1.398","1.398","1.398","0.00%"
"2016년 08월 13일","1.398","1.398","1.398","1.398","-0.85%"
"2016년 08월 12일","1.410","1.421","1.421","1.398","1.00%"
"2016년 08월 11일","1.396","1.380","1.408","1.377","0.43%"
"2016년 08월 10일","1.390","1.407","1.407","1.385","-2.59%"
"2016년 08월 09일","1.427","1.437","1.437","1.422","-0.42%"
"2016년 08월 08일","1.433","1.441","1.441","1.406","2.95%"
"2016년 08월 06일","1.392","1.388","1.392","1.388","0.29%"
"2016년 08월 05일","1.388","1.394","1.399","1.385","-1.56%"
"2016년 08월 04일","1.410","1.426","1.440","1.410","-1.05%"
"2016년 08월 03일","1.425","1.422","1.430","1.417","3.34%"
"2016년 08월 02일","1.379","1.374","1.383","1.364","1.17%"
"2016년 08월 01일","1.363","1.364","1.367","1.357","-1.37%"
"2016년 07월 30일","1.382","1.382","1.382","1.382","-0.43%"
"2016년 07월 29일","1.388","1.354","1.397","1.353","2.13%"
"2016년 07월 28일","1.359","1.372","1.374","1.358","-3.21%"
"2016년 07월 27일","1.404","1.414","1.423","1.399","-0.50%"
"2016년 07월 26일","1.411","1.429","1.429","1.398","-0.91%"
"2016년 07월 25일","1.424","1.424","1.432","1.420","0.64%"
"2016년 07월 23일","1.415","1.415","1.415","1.415","-0.21%"
"2016년 07월 22일","1.418","1.421","1.433","1.417","-1.39%"
"2016년 07월 21일","1.438","1.436","1.445","1.436","1.34%"
"2016년 07월 20일","1.419","1.417","1.431","1.413","-0.63%"
"2016년 07월 19일","1.428","1.402","1.430","1.394","0.92%"
"2016년 07월 18일","1.415","1.413","1.421","1.408","1.80%"
"2016년 07월 16일","1.390","1.390","1.390","1.390","-0.43%"
"2016년 07월 15일","1.396","1.400","1.410","1.390","2.12%"
"2016년 07월 14일","1.367","1.385","1.390","1.348","-1.73%"
"2016년 07월 13일","1.391","1.422","1.422","1.384","-0.14%"
"2016년 07월 12일","1.393","1.394","1.400","1.389","0.87%"
"2016년 07월 11일","1.381","1.379","1.383","1.369","-0.43%"
"2016년 07월 10일","1.387","1.387","1.387","1.387","0.00%"
"2016년 07월 09일","1.387","1.387","1.387","1.387","0.87%"
"2016년 07월 08일","1.375","1.387","1.395","1.366","-0.29%"
"2016년 07월 07일","1.379","1.390","1.391","1.378","-0.72%"
"2016년 07월 06일","1.389","1.388","1.393","1.368","-2.11%"
"2016년 07월 05일","1.419","1.400","1.429","1.387","0.50%"
"2016년 07월 04일","1.412","1.413","1.424","1.400","1.00%"
"2016년 07월 02일","1.398","1.398","1.398","1.398","-0.85%"
"2016년 07월 01일","1.410","1.458","1.460","1.410","-3.95%"
"2016년 06월 30일","1.468","1.481","1.486","1.455","0.27%"
"2016년 06월 29일","1.464","1.479","1.482","1.463","-1.41%"
"2016년 06월 28일","1.485","1.458","1.497","1.453","0.27%"
"2016년 06월 27일","1.481","1.494","1.494","1.459","-1.27%"
"2016년 06월 26일","1.500","1.500","1.500","1.500","0.00%"
"2016년 06월 25일","1.500","1.500","1.500","1.500","0.20%"
"2016년 06월 24일","1.497","1.625","1.630","1.460","-8.22%"
"2016년 06월 23일","1.631","1.631","1.646","1.629","-0.55%"
"2016년 06월 22일","1.640","1.544","1.640","1.544","0.99%"
"2016년 06월 21일","1.624","1.641","1.641","1.623","-0.79%"
"2016년 06월 20일","1.637","1.628","1.637","1.623","2.50%"
"2016년 06월 18일","1.597","1.597","1.597","1.597","-0.06%"
"2016년 06월 17일","1.598","1.599","1.607","1.592","1.01%"
"2016년 06월 16일","1.582","1.592","1.593","1.581","-2.47%"
"2016년 06월 15일","1.622","1.623","1.634","1.620","-0.61%"
"2016년 06월 14일","1.632","1.622","1.632","1.613","0.87%"
"2016년 06월 13일","1.618","1.638","1.638","1.618","-2.06%"
"2016년 06월 11일","1.652","1.652","1.652","1.652","0.67%"
"2016년 06월 10일","1.641","1.658","1.658","1.639","-1.32%"
"2016년 06월 09일","1.663","1.693","1.695","1.652","-2.29%"
"2016년 06월 08일","1.702","1.710","1.710","1.692","-0.58%"
"2016년 06월 07일","1.712","1.706","1.714","1.705","-1.44%"
"2016년 06월 06일","1.737","1.737","1.737","1.737","0.00%"
"2016년 06월 04일","1.737","1.737","1.737","1.737","-0.34%"
"2016년 06월 03일","1.743","1.756","1.759","1.742","-1.13%"
"2016년 06월 02일","1.763","1.755","1.766","1.755","0.17%"
"2016년 06월 01일","1.760","1.760","1.768","1.754","-2.87%"
"2016년 05월 31일","1.812","1.803","1.813","1.795","0.06%"
"2016년 05월 30일","1.811","1.811","1.817","1.808","2.03%"
"2016년 05월 28일","1.775","1.775","1.775","1.775","-0.34%"
"2016년 05월 27일","1.781","1.785","1.790","1.781","-0.45%"
"2016년 05월 26일","1.789","1.786","1.792","1.773","0.28%"
"2016년 05월 25일","1.784","1.778","1.786","1.776","0.79%"
"2016년 05월 24일","1.770","1.797","1.806","1.768","-1.83%"
"2016년 05월 23일","1.803","1.805","1.810","1.798","0.17%"
"2016년 05월 21일","1.800","1.800","1.800","1.800","-0.28%"
"2016년 05월 20일","1.805","1.820","1.827","1.802","-1.58%"
"2016년 05월 19일","1.834","1.848","1.848","1.829","1.55%"
"2016년 05월 18일","1.806","1.791","1.806","1.781","0.78%"
"2016년 05월 17일","1.792","1.783","1.792","1.775","1.24%"
"2016년 05월 16일","1.770","1.763","1.773","1.763","0.28%"
"2016년 05월 14일","1.765","1.765","1.765","1.765","-0.11%"
"2016년 05월 13일","1.767","1.765","1.778","1.760","0.17%"
"2016년 05월 12일","1.764","1.762","1.774","1.761","-0.17%"
"2016년 05월 11일","1.767","1.768","1.774","1.760","0.00%"
"2016년 05월 10일","1.767","1.757","1.775","1.756","0.57%"
"2016년 05월 09일","1.757","1.773","1.776","1.757","-0.96%"
"2016년 05월 06일","1.774","1.774","1.774","1.774","0.00%"
"2016년 05월 05일","1.774","1.774","1.774","1.774","0.11%"
"2016년 05월 04일","1.772","1.780","1.783","1.766","-1.23%"
"2016년 05월 03일","1.794","1.825","1.830","1.794","-0.77%"
"2016년 05월 02일","1.808","1.796","1.812","1.796","0.72%"
"2016년 05월 01일","1.795","1.795","1.795","1.795","0.00%"
"2016년 04월 30일","1.795","1.795","1.795","1.795","0.11%"
"2016년 04월 29일","1.793","1.790","1.804","1.787","-0.33%"
"2016년 04월 28일","1.799","1.793","1.820","1.782","-0.55%"
"2016년 04월 27일","1.809","1.816","1.823","1.805","-0.60%"
"2016년 04월 26일","1.820","1.838","1.842","1.820","-0.49%"
"2016년 04월 25일","1.829","1.829","1.838","1.822","-0.05%"
"2016년 04월 23일","1.830","1.830","1.830","1.830","0.60%"
"2016년 04월 22일","1.819","1.830","1.853","1.813","-0.22%"
"2016년 04월 21일","1.823","1.828","1.838","1.821","0.94%"
"2016년 04월 20일","1.806","1.844","1.844","1.806","-2.38%"
"2016년 04월 19일","1.850","1.866","1.873","1.830","0.49%"
"2016년 04월 18일","1.841","1.820","1.843","1.815","0.16%"
"2016년 04월 16일","1.838","1.838","1.838","1.838","-0.22%"
"2016년 04월 15일","1.842","1.848","1.856","1.840","-0.32%"
"2016년 04월 14일","1.848","1.827","1.848","1.823","3.41%"
"2016년 04월 13일","1.787","1.787","1.787","1.787","-0.50%"
"2016년 04월 12일","1.796","1.796","1.803","1.793","0.11%"
"2016년 04월 11일","1.794","1.802","1.803","1.792","-0.06%"
"2016년 04월 09일","1.795","1.795","1.795","1.795","-0.17%"
"2016년 04월 08일","1.798","1.780","1.809","1.774","-0.06%"
"2016년 04월 07일","1.799","1.793","1.802","1.773","0.67%"
"2016년 04월 06일","1.787","1.767","1.792","1.767","-0.11%"
"2016년 04월 05일","1.789","1.764","1.793","1.760","1.19%"
"2016년 04월 04일","1.768","1.782","1.784","1.768","-1.50%"
"2016년 04월 02일","1.795","1.795","1.795","1.795","0.28%"
"2016년 04월 01일","1.790","1.783","1.804","1.783","0.17%"
"2016년 03월 31일","1.787","1.795","1.805","1.784","0.73%"
"2016년 03월 30일","1.774","1.770","1.779","1.759","-1.72%"
"2016년 03월 29일","1.805","1.830","1.837","1.804","-1.90%"
"2016년 03월 28일","1.840","1.843","1.846","1.827","0.44%"
"2016년 03월 27일","1.832","1.832","1.832","1.832","-0.16%"
"2016년 03월 25일","1.835","1.851","1.856","1.833","-0.49%"
"2016년 03월 24일","1.844","1.846","1.849","1.834","-1.91%"
"2016년 03월 23일","1.880","1.857","1.882","1.857","1.95%"
"2016년 03월 22일","1.844","1.849","1.855","1.839","1.15%"
"2016년 03월 21일","1.823","1.836","1.844","1.811","-0.49%"
"2016년 03월 19일","1.832","1.832","1.832","1.832","0.33%"
"2016년 03월 18일","1.826","1.865","1.877","1.826","-1.99%"
"2016년 03월 17일","1.863","1.870","1.884","1.859","-2.87%"
"2016년 03월 16일","1.918","1.910","1.929","1.901","-0.05%"
"2016년 03월 15일","1.919","1.910","1.927","1.893","0.31%"
"2016년 03월 14일","1.913","1.936","1.947","1.905","-0.47%"
"2016년 03월 12일","1.922","1.922","1.922","1.922","0.31%"
"2016년 03월 11일","1.916","1.897","1.918","1.885","2.84%"
"2016년 03월 10일","1.863","1.852","1.889","1.812","1.09%"
"2016년 03월 09일","1.843","1.828","1.853","1.828","-0.22%"
"2016년 03월 08일","1.847","1.884","1.884","1.843","-1.34%"
"2016년 03월 07일","1.872","1.894","1.894","1.861","-0.27%"
"2016년 03월 05일","1.877","1.877","1.877","1.877","-0.53%"
"2016년 03월 04일","1.887","1.870","1.889","1.857","1.34%"
"2016년 03월 03일","1.862","1.842","1.865","1.842","1.97%"
"2016년 03월 02일","1.826","1.820","1.832","1.814","2.18%"
"2016년 03월 01일","1.787","1.787","1.787","1.787","0.06%"
"2016년 02월 29일","1.786","1.785","1.794","1.779","0.62%"
"2016년 02월 27일","1.775","1.775","1.775","1.775","-0.28%"
"2016년 02월 26일","1.780","1.799","1.800","1.779","-1.71%"
"2016년 02월 25일","1.811","1.828","1.828","1.803","-0.33%"
"2016년 02월 24일","1.817","1.815","1.845","1.815","-0.93%"
"2016년 02월 23일","1.834","1.822","1.841","1.805","0.38%"
"2016년 02월 22일","1.827","1.831","1.832","1.821","0.66%"
"2016년 02월 20일","1.815","1.815","1.815","1.815","0.22%"
"2016년 02월 19일","1.811","1.775","1.818","1.775","0.39%"
"2016년 02월 18일","1.804","1.807","1.818","1.801","0.95%"
"2016년 02월 17일","1.787","1.780","1.805","1.779","0.39%"
"2016년 02월 16일","1.780","1.827","1.848","1.770","-2.31%"
"2016년 02월 15일","1.822","1.840","1.843","1.818","1.39%"
"2016년 02월 14일","1.797","1.797","1.797","1.797","0.00%"
"2016년 02월 13일","1.797","1.797","1.797","1.797","-0.77%"
"2016년 02월 12일","1.811","1.788","1.828","1.756","2.66%"
"2016년 02월 11일","1.764","1.781","1.792","1.757","-6.17%"
"2016년 02월 06일","1.880","1.880","1.880","1.880","0.00%"
"2016년 02월 05일","1.880","1.860","1.888","1.860","0.48%"
"2016년 02월 04일","1.871","1.876","1.901","1.870","0.32%"
"2016년 02월 03일","1.865","1.881","1.882","1.860","-3.07%"
"2016년 02월 02일","1.924","1.918","1.934","1.901","0.10%"
"2016년 02월 01일","1.922","1.959","1.961","1.918","-2.93%"
"2016년 01월 30일","1.980","1.980","1.980","1.980","0.00%"
"2016년 01월 29일","1.980","2.027","2.038","1.964","-1.74%"
"2016년 01월 28일","2.015","2.010","2.039","2.008","0.20%"
"2016년 01월 27일","2.011","2.006","2.020","1.996","1.06%"
"2016년 01월 26일","1.990","2.003","2.009","1.989","-1.44%"
"2016년 01월 25일","2.019","2.038","2.039","2.019","-0.79%"
"2016년 01월 23일","2.035","2.035","2.035","2.035","-0.29%"
"2016년 01월 22일","2.041","2.018","2.043","1.993","2.36%"
"2016년 01월 21일","1.994","2.012","2.024","1.994","-0.80%"
"2016년 01월 20일","2.010","2.055","2.055","2.002","-2.80%"
"2016년 01월 19일","2.068","2.032","2.068","2.025","1.37%"
"2016년 01월 18일","2.040","1.999","2.044","1.994","0.99%"
"2016년 01월 16일","2.020","2.020","2.020","2.020","-0.15%"
"2016년 01월 15일","2.023","2.033","2.048","2.020","-0.25%"
"2016년 01월 14일","2.028","2.000","2.030","1.985","0.25%"
"2016년 01월 13일","2.023","2.012","2.039","2.012","-1.12%"
"2016년 01월 12일","2.046","2.040","2.049","2.013","1.24%"
"2016년 01월 11일","2.021","2.026","2.036","2.019","-1.75%"
"2016년 01월 10일","2.057","2.057","2.057","2.057","0.00%"
"2016년 01월 09일","2.057","2.057","2.057","2.057","0.00%"
"2016년 01월 08일","2.057","2.015","2.058","2.012","1.88%"
"2016년 01월 07일","2.019","2.015","2.029","1.996","-0.88%"
"2016년 01월 06일","2.037","2.052","2.059","2.030","-1.21%"
"2016년 01월 05일","2.062","2.040","2.079","2.034","1.33%"
"2016년 01월 04일","2.035","2.084","2.084","2.023","-2.40%"