Date,Open,High,Low,Close
2017-01-02,"1,206.85","1,210.20","1,204.42","1,207.64"
2017-01-03,"1,207.36","1,211.90","1,201.29","1,208.36"
2017-01-04,"1,209.16","1,211.82","1,196.22","1,198.90"
2017-01-05,"1,199.38","1,201.48","1,182.63","1,185.78"
2017-01-06,"1,186.11","1,200.00","1,179.33","1,196.32"
2017-01-07,"1,196.39","1,202.60","1,192.95","1,202.03"
2017-01-09,"1,202.05","1,209.63","1,201.55","1,203.50"
2017-01-10,"1,203.71","1,208.25","1,193.70","1,197.34"
2017-01-11,"1,197.36","1,202.10","1,192.20","1,200.95"
2017-01-12,"1,200.95","1,202.90","1,175.00","1,176.45"
2017-01-13,"1,175.80","1,184.85","1,171.28","1,179.17"
2017-01-14,"1,181.02","1,181.75","1,174.80","1,174.93"
2017-01-16,"1,175.05","1,185.56","1,175.04","1,184.64"
2017-01-17,"1,184.64","1,187.30","1,163.50","1,164.12"
2017-01-18,"1,164.10","1,174.45","1,160.15","1,169.84"
2017-01-19,"1,169.33","1,181.53","1,166.75","1,181.05"
2017-01-20,"1,180.77","1,181.48","1,168.47","1,175.48"
2017-01-21,"1,175.49","1,177.56","1,169.30","1,175.20"
2017-01-23,"1,175.20","1,176.00","1,162.60","1,169.22"
2017-01-24,"1,169.22","1,169.50","1,160.75","1,163.65"
2017-01-25,"1,163.39","1,171.25","1,162.00","1,166.70"
2017-01-26,"1,166.71","1,168.96","1,156.00","1,168.66"
2017-01-27,"1,168.65","1,177.00","1,159.15","1,174.77"
2017-01-30,"1,178.50","1,179.15","1,159.15","1,176.28"
2017-01-31,"1,176.27","1,176.72","1,149.60","1,150.37"
2017-02-01,"1,150.40","1,162.10","1,147.75","1,157.05"
2017-02-02,"1,157.78","1,158.55","1,137.66","1,138.83"
2017-02-03,"1,138.93","1,149.00","1,137.53","1,139.30"
2017-02-04,"1,139.41","1,147.60","1,134.25","1,138.35"
2017-02-06,"1,138.38","1,139.70","1,131.07","1,136.88"
2017-02-07,"1,136.78","1,148.72","1,133.50","1,147.28"
2017-02-08,"1,147.29","1,149.54","1,140.50","1,142.92"
2017-02-09,"1,143.02","1,148.15","1,139.22","1,144.77"
2017-02-10,"1,148.22","1,154.75","1,143.77","1,149.51"
2017-02-11,"1,148.82","1,150.55","1,145.50","1,146.40"
2017-02-13,"1,146.58","1,154.75","1,146.00","1,151.08"
2017-02-14,"1,151.03","1,153.25","1,134.31","1,137.93"
2017-02-15,"1,140.06","1,147.75","1,137.06","1,141.79"
2017-02-16,"1,141.80","1,144.50","1,133.45","1,140.59"
2017-02-17,"1,140.53","1,152.07","1,138.89","1,150.66"
2017-02-18,"1,150.65","1,153.17","1,146.25","1,150.40"
2017-02-20,"1,150.75","1,151.56","1,145.15","1,146.83"
2017-02-21,"1,146.86","1,149.75","1,143.52","1,145.75"
2017-02-22,"1,145.04","1,146.49","1,138.52","1,143.13"
2017-02-23,"1,143.16","1,144.23","1,132.10","1,132.29"
2017-02-24,"1,132.34","1,137.35","1,127.55","1,131.31"
2017-02-25,"1,131.37","1,132.02","1,130.25","1,130.82"
2017-02-27,"1,130.24","1,135.25","1,129.89","1,132.12"
2017-02-28,"1,132.12","1,135.33","1,124.80","1,129.06"
2017-03-01,"1,129.06","1,146.67","1,127.17","1,144.35"
2017-03-02,"1,144.88","1,148.02","1,138.37","1,147.65"
2017-03-03,"1,147.82","1,159.46","1,141.60","1,156.87"
2017-03-04,"1,156.91","1,158.24","1,152.09","1,152.31"
2017-03-06,"1,153.95","1,158.65","1,152.32","1,154.17"
2017-03-07,"1,153.95","1,158.00","1,146.13","1,150.71"
2017-03-08,"1,150.72","1,155.86","1,142.87","1,154.54"
2017-03-09,"1,153.72","1,160.76","1,145.55","1,157.75"
2017-03-10,"1,157.77","1,162.10","1,153.15","1,153.83"
2017-03-13,"1,147.38","1,151.70","1,143.65","1,147.07"
2017-03-14,"1,147.09","1,150.93","1,144.25","1,149.90"
2017-03-15,"1,149.90","1,150.46","1,140.80","1,145.70"
2017-03-16,"1,145.55","1,146.25","1,125.36","1,125.68"
2017-03-17,"1,125.55","1,134.39","1,125.37","1,130.22"
2017-03-18,"1,130.26","1,131.35","1,128.20","1,129.60"
2017-03-20,"1,127.88","1,130.45","1,113.50","1,114.19"
2017-03-21,"1,114.15","1,122.52","1,112.67","1,116.11"
2017-03-22,"1,116.39","1,127.75","1,116.03","1,121.64"
2017-03-23,"1,121.11","1,124.27","1,116.50","1,119.36"
2017-03-24,"1,119.27","1,124.80","1,116.47","1,117.27"
2017-03-25,"1,117.23","1,122.60","1,113.40","1,117.60"
2017-03-27,"1,117.14","1,117.58","1,107.07","1,109.80"
2017-03-28,"1,109.81","1,114.35","1,108.40","1,112.65"
2017-03-29,"1,112.65","1,117.10","1,111.75","1,112.39"
2017-03-30,"1,112.40","1,119.09","1,110.25","1,115.36"
2017-03-31,"1,115.30","1,121.76","1,114.50","1,118.05"
2017-04-01,"1,118.06","1,119.20","1,115.70","1,117.71"
2017-04-03,"1,116.89","1,124.32","1,111.65","1,116.63"
2017-04-04,"1,116.65","1,126.84","1,115.35","1,126.00"
2017-04-05,"1,126.03","1,128.58","1,121.85","1,127.45"
2017-04-06,"1,126.95","1,134.61","1,124.35","1,132.14"
2017-04-07,"1,131.97","1,140.05","1,129.95","1,133.27"
2017-04-08,"1,133.30","1,137.90","1,133.30","1,134.45"
2017-04-10,"1,137.89","1,143.95","1,136.25","1,141.98"
2017-04-11,"1,141.50","1,149.75","1,140.60","1,148.44"
2017-04-12,"1,148.62","1,150.20","1,137.65","1,138.77"
2017-04-13,"1,138.50","1,141.95","1,125.79","1,135.00"
2017-04-14,"1,135.18","1,142.28","1,129.75","1,137.44"
2017-04-15,"1,137.45","1,139.90","1,136.34","1,136.34"
2017-04-17,"1,136.35","1,146.65","1,133.74","1,135.70"
2017-04-18,"1,135.53","1,148.93","1,131.41","1,144.49"
2017-04-19,"1,144.46","1,146.06","1,137.50","1,142.49"
2017-04-20,"1,142.34","1,144.99","1,135.32","1,137.35"
2017-04-21,"1,137.44","1,139.98","1,132.60","1,136.35"
2017-04-22,"1,136.38","1,136.42","1,134.34","1,134.48"
2017-04-24,"1,134.70","1,135.14","1,126.15","1,130.68"
2017-04-25,"1,131.05","1,139.80","1,123.50","1,129.57"
2017-04-26,"1,129.58","1,134.75","1,121.45","1,133.65"
2017-04-27,"1,133.04","1,138.10","1,125.10","1,134.84"
2017-04-28,"1,134.76","1,141.15","1,128.72","1,139.44"
2017-04-29,"1,139.20","1,139.55","1,132.55","1,137.64"
2017-05-01,"1,137.51","1,139.50","1,132.25","1,136.34"
2017-05-02,"1,136.38","1,138.10","1,127.12","1,130.55"
2017-05-03,"1,130.60","1,132.92","1,126.93","1,132.29"
2017-05-04,"1,132.21","1,136.65","1,129.40","1,134.81"
2017-05-05,"1,134.87","1,141.62","1,132.75","1,137.12"
2017-05-06,"1,137.14","1,137.98","1,132.75","1,135.72"
2017-05-08,"1,135.72","1,143.82","1,129.70","1,133.90"
2017-05-09,"1,133.86","1,139.90","1,131.50","1,136.36"
2017-05-10,"1,136.23","1,141.15","1,131.50","1,134.04"
2017-05-11,"1,134.08","1,135.75","1,127.35","1,129.99"
2017-05-12,"1,129.91","1,130.20","1,122.52","1,124.27"
2017-05-13,"1,123.88","1,127.35","1,122.00","1,123.40"
2017-05-15,"1,123.31","1,127.55","1,115.50","1,116.55"
2017-05-16,"1,116.44","1,123.70","1,114.63","1,116.49"
2017-05-17,"1,116.49","1,122.16","1,113.95","1,118.93"
2017-05-18,"1,118.25","1,134.90","1,115.90","1,127.35"
2017-05-19,"1,126.70","1,132.19","1,115.78","1,118.50"
2017-05-20,"1,118.50","1,127.20","1,115.70","1,117.61"
2017-05-22,"1,118.19","1,119.30","1,114.50","1,114.74"
2017-05-23,"1,114.81","1,126.10","1,113.95","1,124.73"
2017-05-24,"1,124.69","1,128.10","1,121.45","1,124.11"
2017-05-25,"1,124.05","1,126.30","1,116.05","1,119.62"
2017-05-26,"1,119.76","1,121.75","1,115.79","1,119.43"
2017-05-27,"1,119.46","1,120.80","1,118.50","1,118.91"
2017-05-29,"1,119.86","1,122.82","1,118.13","1,121.74"
2017-05-30,"1,121.73","1,126.50","1,121.68","1,124.99"
2017-05-31,"1,124.99","1,125.40","1,117.50","1,120.90"
2017-06-01,"1,120.60","1,123.65","1,118.30","1,121.56"
2017-06-02,"1,121.75","1,124.18","1,118.71","1,119.82"
2017-06-03,"1,119.99","1,121.85","1,117.62","1,118.34"
2017-06-05,"1,118.63","1,120.33","1,115.68","1,118.95"
2017-06-06,"1,118.98","1,121.86","1,115.49","1,118.93"
2017-06-07,"1,119.13","1,125.15","1,117.93","1,123.66"
2017-06-08,"1,122.62","1,127.45","1,121.85","1,122.79"
2017-06-09,"1,122.79","1,125.50","1,119.35","1,125.20"
2017-06-10,"1,125.18","1,125.40","1,123.15","1,125.18"
2017-06-12,"1,124.40","1,133.14","1,123.50","1,132.51"
2017-06-13,"1,132.71","1,132.80","1,127.25","1,128.62"
2017-06-14,"1,128.59","1,129.38","1,117.17","1,118.37"
2017-06-15,"1,118.19","1,132.58","1,116.29","1,132.30"
2017-06-16,"1,132.15","1,138.18","1,124.10","1,133.84"
2017-06-17,"1,133.73","1,134.88","1,130.00","1,134.15"
2017-06-19,"1,132.73","1,135.93","1,128.67","1,134.30"
2017-06-20,"1,134.25","1,143.31","1,132.75","1,141.82"
2017-06-21,"1,142.04","1,145.60","1,139.45","1,142.49"
2017-06-22,"1,142.60","1,145.03","1,138.88","1,142.23"
2017-06-23,"1,142.15","1,142.23","1,135.77","1,136.12"
2017-06-24,"1,136.13","1,138.75","1,132.85","1,134.84"
2017-06-26,"1,134.84","1,137.60","1,132.23","1,133.54"
2017-06-27,"1,133.51","1,139.03","1,132.18","1,138.72"
2017-06-28,"1,138.75","1,147.60","1,136.95","1,142.46"
2017-06-29,"1,142.38","1,144.92","1,137.25","1,144.31"
2017-06-30,"1,144.24","1,148.66","1,141.10","1,144.59"
2017-07-01,"1,144.80","1,145.95","1,143.58","1,145.64"
2017-07-03,"1,145.93","1,150.08","1,141.47","1,148.64"
2017-07-04,"1,148.94","1,152.19","1,146.80","1,151.86"
2017-07-05,"1,151.84","1,157.00","1,147.35","1,154.88"
2017-07-06,"1,154.78","1,158.69","1,150.35","1,158.00"
2017-07-07,"1,158.15","1,158.65","1,151.61","1,154.05"
2017-07-08,"1,154.21","1,155.10","1,153.29","1,154.30"
2017-07-10,"1,153.80","1,156.85","1,148.30","1,150.55"
2017-07-11,"1,150.56","1,153.34","1,147.50","1,150.35"
2017-07-12,"1,150.45","1,151.27","1,139.05","1,139.38"
2017-07-13,"1,139.07","1,145.20","1,134.55","1,138.64"
2017-07-14,"1,138.55","1,138.85","1,128.40","1,129.74"
2017-07-15,"1,129.73","1,133.35","1,126.45","1,128.77"
2017-07-17,"1,128.71","1,129.87","1,126.26","1,128.97"
2017-07-18,"1,129.08","1,130.30","1,122.24","1,124.55"
2017-07-19,"1,124.59","1,125.90","1,119.79","1,123.97"
2017-07-20,"1,123.93","1,127.02","1,120.65","1,121.90"
2017-07-21,"1,122.33","1,125.55","1,116.75","1,117.74"
2017-07-22,"1,117.75","1,119.46","1,117.75","1,118.86"
2017-07-24,"1,118.41","1,118.91","1,112.31","1,115.04"
2017-07-25,"1,115.21","1,118.65","1,113.98","1,116.97"
2017-07-26,"1,117.03","1,122.41","1,115.35","1,119.38"
2017-07-27,"1,119.02","1,121.85","1,110.45","1,115.15"
2017-07-28,"1,115.21","1,124.46","1,112.85","1,122.00"
2017-07-29,"1,121.98","1,125.55","1,121.75","1,124.70"
2017-07-31,"1,124.41","1,125.19","1,115.50","1,121.96"
2017-08-01,"1,121.88","1,123.50","1,115.60","1,121.12"
2017-08-02,"1,120.68","1,125.92","1,120.10","1,122.79"
2017-08-03,"1,123.00","1,129.80","1,121.59","1,127.41"
2017-08-04,"1,127.64","1,130.37","1,123.10","1,129.08"
2017-08-05,"1,129.32","1,130.45","1,124.95","1,128.80"
2017-08-07,"1,128.51","1,130.30","1,125.85","1,128.24"
2017-08-08,"1,128.12","1,128.66","1,123.34","1,126.84"
2017-08-09,"1,126.64","1,140.80","1,125.20","1,138.59"
2017-08-11,"1,144.83","1,148.21","1,141.90","1,143.60"
2017-08-12,"1,143.70","1,143.91","1,141.24","1,142.90"
2017-08-14,"1,142.56","1,143.05","1,136.07","1,139.08"
2017-08-15,"1,138.96","1,140.15","1,133.00","1,137.40"
2017-08-16,"1,137.13","1,143.50","1,134.40","1,138.94"
2017-08-17,"1,138.89","1,141.60","1,134.15","1,139.34"
2017-08-18,"1,139.71","1,144.25","1,137.15","1,141.79"
2017-08-19,"1,141.52","1,142.40","1,137.71","1,139.55"
2017-08-21,"1,139.93","1,140.70","1,137.05","1,138.53"
2017-08-22,"1,138.49","1,141.05","1,133.35","1,133.68"
2017-08-23,"1,133.62","1,133.92","1,128.77","1,130.07"
2017-08-24,"1,130.02","1,131.85","1,126.19","1,128.28"
2017-08-25,"1,128.42","1,131.40","1,121.45","1,122.21"
2017-08-26,"1,122.40","1,128.25","1,120.35","1,121.59"
2017-08-28,"1,121.88","1,122.40","1,118.58","1,119.14"
2017-08-29,"1,119.15","1,128.80","1,118.27","1,122.71"
2017-08-30,"1,122.78","1,126.30","1,121.23","1,123.35"
2017-08-31,"1,123.38","1,128.55","1,123.03","1,123.32"
2017-09-01,"1,123.29","1,127.60","1,118.29","1,121.03"
2017-09-02,"1,121.11","1,122.80","1,119.50","1,121.69"
2017-09-04,"1,120.15","1,134.20","1,119.46","1,129.83"
2017-09-05,"1,129.95","1,133.80","1,128.46","1,129.13"
2017-09-06,"1,130.72","1,138.54","1,129.41","1,133.77"
2017-09-07,"1,133.81","1,135.50","1,126.05","1,128.33"
2017-09-08,"1,128.37","1,133.86","1,125.05","1,132.69"
2017-09-09,"1,132.85","1,134.51","1,127.55","1,132.12"
2017-09-11,"1,133.20","1,135.06","1,126.65","1,130.97"
2017-09-12,"1,131.00","1,132.67","1,126.80","1,128.75"
2017-09-13,"1,127.31","1,131.01","1,125.60","1,129.15"
2017-09-14,"1,129.34","1,137.01","1,128.60","1,133.61"
2017-09-15,"1,133.61","1,136.85","1,128.45","1,131.46"
2017-09-16,"1,131.54","1,133.70","1,131.40","1,133.22"
2017-09-18,"1,133.96","1,134.37","1,125.85","1,127.97"
2017-09-19,"1,127.91","1,132.12","1,126.65","1,129.64"
2017-09-20,"1,129.67","1,131.90","1,125.95","1,126.88"
2017-09-21,"1,126.86","1,136.30","1,126.40","1,133.10"
2017-09-22,"1,133.18","1,139.70","1,130.48","1,131.41"
2017-09-23,"1,131.44","1,136.50","1,131.38","1,133.08"
2017-09-25,"1,133.14","1,135.10","1,129.15","1,135.10"
2017-09-26,"1,133.85","1,140.00","1,131.85","1,139.18"
2017-09-27,"1,137.83","1,145.74","1,136.00","1,143.34"
2017-09-28,"1,143.27","1,152.54","1,140.75","1,145.68"
2017-09-29,"1,146.05","1,149.10","1,142.17","1,143.03"
2017-09-30,"1,143.01","1,146.53","1,142.98","1,145.21"
2017-10-02,"1,146.35","1,148.36","1,144.65","1,145.37"
2017-10-03,"1,145.48","1,149.57","1,141.80","1,142.94"
2017-10-04,"1,141.86","1,145.35","1,138.51","1,140.38"
2017-10-05,"1,140.64","1,145.35","1,137.69","1,139.05"
2017-10-06,"1,139.04","1,146.44","1,139.04","1,143.09"
2017-10-07,"1,144.34","1,146.39","1,137.94","1,145.28"
2017-10-09,"1,145.25","1,146.10","1,142.65","1,143.92"
2017-10-10,"1,143.88","1,145.42","1,131.74","1,132.34"
2017-10-11,"1,132.60","1,138.45","1,131.29","1,133.59"
2017-10-12,"1,132.61","1,136.50","1,130.65","1,131.11"
2017-10-13,"1,131.63","1,133.75","1,125.13","1,127.06"
2017-10-14,"1,126.46","1,128.95","1,125.06","1,126.60"
2017-10-16,"1,127.58","1,131.54","1,125.70","1,127.79"
2017-10-17,"1,127.96","1,132.95","1,127.09","1,130.95"
2017-10-18,"1,130.86","1,134.92","1,128.95","1,131.84"
2017-10-19,"1,131.77","1,134.22","1,129.90","1,130.36"
2017-10-20,"1,130.37","1,133.80","1,127.50","1,131.21"
2017-10-21,"1,131.15","1,133.18","1,130.61","1,132.32"
2017-10-23,"1,133.09","1,135.45","1,129.35","1,129.82"
2017-10-24,"1,129.96","1,132.42","1,127.35","1,129.27"
2017-10-25,"1,129.17","1,134.10","1,122.97","1,125.28"
2017-10-26,"1,125.18","1,129.97","1,122.25","1,123.72"
2017-10-27,"1,124.05","1,132.25","1,123.88","1,125.81"
2017-10-28,"1,125.79","1,130.45","1,125.24","1,126.11"
2017-10-30,"1,126.21","1,127.41","1,123.45","1,124.49"
2017-10-31,"1,124.19","1,125.21","1,116.61","1,117.06"
2017-11-01,"1,117.03","1,120.35","1,109.68","1,110.34"
2017-11-02,"1,110.20","1,114.77","1,110.00","1,112.28"
2017-11-03,"1,112.51","1,117.74","1,110.98","1,116.20"
2017-11-04,"1,116.26","1,118.39","1,113.75","1,115.30"
2017-11-06,"1,115.61","1,118.85","1,111.29","1,111.71"
2017-11-07,"1,111.76","1,115.05","1,110.47","1,113.81"
2017-11-08,"1,112.79","1,116.36","1,111.00","1,113.47"
2017-11-09,"1,113.64","1,119.92","1,112.07","1,117.44"
2017-11-10,"1,117.60","1,120.87","1,115.60","1,119.44"
2017-11-11,"1,119.20","1,121.48","1,117.05","1,120.50"
2017-11-13,"1,119.60","1,121.98","1,118.81","1,120.16"
2017-11-14,"1,120.26","1,121.31","1,114.11","1,114.12"
2017-11-15,"1,114.07","1,118.05","1,102.13","1,104.90"
2017-11-16,"1,104.84","1,112.25","1,094.17","1,094.82"
2017-11-17,"1,094.47","1,101.35","1,092.87","1,095.54"
2017-11-18,"1,095.43","1,097.45","1,093.90","1,094.54"
2017-11-20,"1,094.32","1,101.50","1,093.56","1,096.24"
2017-11-21,"1,096.33","1,100.55","1,087.95","1,088.22"
2017-11-22,"1,088.20","1,095.80","1,086.86","1,088.01"
2017-11-23,"1,087.95","1,090.63","1,083.83","1,084.04"
2017-11-24,"1,083.98","1,087.45","1,083.25","1,083.72"
2017-11-25,"1,083.79","1,086.00","1,083.50","1,085.35"
2017-11-27,"1,085.62","1,090.43","1,085.48","1,086.15"
2017-11-28,"1,086.21","1,092.25","1,040.92","1,081.00"
2017-11-29,"1,081.23","1,085.20","1,074.69","1,080.30"
2017-11-30,"1,081.61","1,090.15","1,076.85","1,087.33"
2017-12-01,"1,086.71","1,088.90","1,082.23","1,083.75"
2017-12-02,"1,084.12","1,085.40","1,081.21","1,082.47"
2017-12-04,"1,082.50","1,090.22","1,082.49","1,085.71"
2017-12-05,"1,085.78","1,088.80","1,081.98","1,087.06"
2017-12-06,"1,087.42","1,095.03","1,085.75","1,093.50"
2017-12-07,"1,093.88","1,096.99","1,090.35","1,092.45"
2017-12-08,"1,092.43","1,096.14","1,090.85","1,091.42"
2017-12-09,"1,091.78","1,093.81","1,091.73","1,092.75"
2017-12-11,"1,092.87","1,093.80","1,088.41","1,088.79"
2017-12-12,"1,088.55","1,092.75","1,086.14","1,090.15"
2017-12-13,"1,090.16","1,094.45","1,088.00","1,089.82"
2017-12-14,"1,089.40","1,092.95","1,083.75","1,087.84"
2017-12-15,"1,089.10","1,091.91","1,086.57","1,087.10"
2017-12-16,"1,087.23","1,089.55","1,086.86","1,089.38"
2017-12-18,"1,089.76","1,091.34","1,085.99","1,085.99"
2017-12-19,"1,086.30","1,089.05","1,082.35","1,085.45"
2017-12-20,"1,085.17","1,087.05","1,078.42","1,079.67"
2017-12-21,"1,080.00","1,083.37","1,078.15","1,079.55"
2017-12-22,"1,079.54","1,082.75","1,076.11","1,076.91"
2017-12-23,"1,076.68","1,080.00","1,076.27","1,077.20"
2017-12-25,"1,077.30","1,079.61","1,076.96","1,077.10"
2017-12-26,"1,077.09","1,079.60","1,073.76","1,074.87"
2017-12-27,"1,074.87","1,076.23","1,073.00","1,075.36"
2017-12-28,"1,074.83","1,076.31","1,068.23","1,069.28"
2017-12-29,"1,069.04","1,071.97","1,063.93","1,067.79"
2017-12-30,"1,067.82","1,070.55","1,065.85","1,067.16"
2018-01-01,"1,067.38","1,070.55","1,066.00","1,067.24"
2018-01-02,"1,067.23","1,070.55","1,059.60","1,062.55"
2018-01-03,"1,062.88","1,073.25","1,060.38","1,064.00"
2018-01-04,"1,064.84","1,068.45","1,061.47","1,063.22"
2018-01-05,"1,063.33","1,065.29","1,060.30","1,063.15"
2018-01-06,"1,063.16","1,064.53","1,060.94","1,062.33"
2018-01-08,"1,062.27","1,069.85","1,058.80","1,067.92"
2018-01-09,"1,067.82","1,072.58","1,065.40","1,071.03"
2018-01-10,"1,071.50","1,073.95","1,066.15","1,068.24"
2018-01-11,"1,068.24","1,073.50","1,064.77","1,064.83"
2018-01-12,"1,064.79","1,072.05","1,061.03","1,063.07"
2018-01-13,"1,062.87","1,064.85","1,059.30","1,059.30"
2018-01-15,"1,056.90","1,065.45","1,055.67","1,063.18"
2018-01-16,"1,063.21","1,067.40","1,060.00","1,064.75"
2018-01-17,"1,064.68","1,070.96","1,062.65","1,068.76"
2018-01-18,"1,068.72","1,071.96","1,064.77","1,066.99"
2018-01-19,"1,066.99","1,071.54","1,064.11","1,066.78"
2018-01-20,"1,067.31","1,069.25","1,065.90","1,067.83"
2018-01-22,"1,067.67","1,072.44","1,066.25","1,070.82"
2018-01-23,"1,070.85","1,077.73","1,066.76","1,073.99"
2018-01-24,"1,073.96","1,076.41","1,063.50","1,063.89"
2018-01-25,"1,063.75","1,071.07","1,056.29","1,061.06"
2018-01-26,"1,061.06","1,067.76","1,057.74","1,064.85"
2018-01-27,"1,064.80","1,067.23","1,063.90","1,064.35"
2018-01-29,"1,064.26","1,072.67","1,063.05","1,070.94"
2018-01-30,"1,070.93","1,075.15","1,065.55","1,071.09"
2018-01-31,"1,071.16","1,075.30","1,064.99","1,066.19"
2018-02-01,"1,066.18","1,074.05","1,065.78","1,070.64"
2018-02-02,"1,070.69","1,089.59","1,069.95","1,089.59"
2018-02-03,"1,089.18","1,090.44","1,080.05","1,090.17"
2018-02-05,"1,089.92","1,091.81","1,085.75","1,087.50"
2018-02-06,"1,089.29","1,098.64","1,084.68","1,085.55"
2018-02-07,"1,085.23","1,091.55","1,078.53","1,082.71"
2018-02-08,"1,082.44","1,093.54","1,081.50","1,090.02"
2018-02-09,"1,090.12","1,098.73","1,084.85","1,085.83"
2018-02-10,"1,086.41","1,092.05","1,084.36","1,084.36"
2018-02-12,"1,084.45","1,086.83","1,081.78","1,083.50"
2018-02-13,"1,083.15","1,088.90","1,080.28","1,084.07"
2018-02-14,"1,084.05","1,086.20","1,075.80","1,083.63"
2018-02-15,"1,083.65","1,084.10","1,064.30","1,064.98"
2018-02-16,"1,065.13","1,069.63","1,061.85","1,066.12"
2018-02-17,"1,066.35","1,077.20","1,064.40","1,066.90"
2018-02-19,"1,067.48","1,069.55","1,065.59","1,067.44"
2018-02-20,"1,067.48","1,076.58","1,066.89","1,071.44"
2018-02-21,"1,071.78","1,077.44","1,070.87","1,072.21"
2018-02-22,"1,072.24","1,086.36","1,070.98","1,079.87"
2018-02-23,"1,080.52","1,084.25","1,075.48","1,077.61"
2018-02-24,"1,077.72","1,080.50","1,076.49","1,076.80"
2018-02-26,"1,076.80","1,078.01","1,069.31","1,072.06"
2018-02-27,"1,071.65","1,074.55","1,068.59","1,073.49"
2018-02-28,"1,073.68","1,084.40","1,071.59","1,081.72"
2018-03-01,"1,081.24","1,088.60","1,079.71","1,085.26"
2018-03-02,"1,085.38","1,087.11","1,077.03","1,084.35"
2018-03-03,"1,084.27","1,084.99","1,078.93","1,079.76"
2018-03-05,"1,079.10","1,083.15","1,076.86","1,080.39"
2018-03-06,"1,079.97","1,081.87","1,060.46","1,063.96"
2018-03-07,"1,063.50","1,070.30","1,061.63","1,067.29"
2018-03-08,"1,067.20","1,073.70","1,066.06","1,071.81"
2018-03-09,"1,072.69","1,076.38","1,065.44","1,066.02"
2018-03-10,"1,065.76","1,074.00","1,064.95","1,065.38"
2018-03-12,"1,065.38","1,068.20","1,063.08","1,064.74"
2018-03-13,"1,064.68","1,068.00","1,062.85","1,062.85"
2018-03-14,"1,063.62","1,068.79","1,061.52","1,064.04"
2018-03-15,"1,063.84","1,068.29","1,062.95","1,066.25"
2018-03-16,"1,066.25","1,071.72","1,065.38","1,068.96"
2018-03-17,"1,070.08","1,071.34","1,067.92","1,070.32"
2018-03-19,"1,070.32","1,074.68","1,069.60","1,070.36"
2018-03-20,"1,070.29","1,074.38","1,067.90","1,071.91"
2018-03-21,"1,071.83","1,073.24","1,069.77","1,071.00"
2018-03-22,"1,071.03","1,083.45","1,064.41","1,079.01"
2018-03-23,"1,079.00","1,084.36","1,076.27","1,078.53"
2018-03-24,"1,078.36","1,086.31","1,078.25","1,083.56"
2018-03-26,"1,083.31","1,083.89","1,075.97","1,077.60"
2018-03-27,"1,077.49","1,080.70","1,067.90","1,072.75"
2018-03-28,"1,072.68","1,075.49","1,064.43","1,064.75"
2018-03-29,"1,064.17","1,068.35","1,063.12","1,063.31"
2018-03-30,"1,063.31","1,065.55","1,059.49","1,062.05"
2018-03-31,"1,061.98","1,062.45","1,060.79","1,060.90"
2018-04-02,"1,061.25","1,063.07","1,052.98","1,056.58"
2018-04-03,"1,056.50","1,063.06","1,053.72","1,054.95"
2018-04-04,"1,055.09","1,066.00","1,054.63","1,061.58"
2018-04-05,"1,060.70","1,063.48","1,056.96","1,062.93"
2018-04-06,"1,062.58","1,071.67","1,061.50","1,069.81"
2018-04-07,"1,069.99","1,072.63","1,069.17","1,070.72"
2018-04-09,"1,070.73","1,072.04","1,065.05","1,068.43"
2018-04-10,"1,068.70","1,072.38","1,063.55","1,065.18"
2018-04-11,"1,065.00","1,069.78","1,064.06","1,066.53"
2018-04-12,"1,066.53","1,073.46","1,065.30","1,070.32"
2018-04-13,"1,070.42","1,071.69","1,067.50","1,070.90"
2018-04-14,"1,070.91","1,072.70","1,070.88","1,071.50"
2018-04-16,"1,071.58","1,075.30","1,070.45","1,072.30"
2018-04-17,"1,072.39","1,072.91","1,066.38","1,067.61"
2018-04-18,"1,067.43","1,069.70","1,064.04","1,064.72"
2018-04-19,"1,064.70","1,067.35","1,059.22","1,064.13"
2018-04-20,"1,064.23","1,073.51","1,064.15","1,073.12"
2018-04-21,"1,073.07","1,073.10","1,070.65","1,071.09"
2018-04-23,"1,071.80","1,079.99","1,067.19","1,079.15"
2018-04-24,"1,079.44","1,082.03","1,071.80","1,077.05"
2018-04-25,"1,077.07","1,084.70","1,075.20","1,083.87"
2018-04-26,"1,084.07","1,084.55","1,076.26","1,078.85"
2018-04-27,"1,078.60","1,080.98","1,067.26","1,068.73"
2018-04-28,"1,068.66","1,068.83","1,067.05","1,067.93"
2018-04-30,"1,068.10","1,070.41","1,065.64","1,069.67"
2018-05-01,"1,069.67","1,073.90","1,068.81","1,073.22"
2018-05-02,"1,073.26","1,078.39","1,067.50","1,078.18"
2018-05-03,"1,078.31","1,080.12","1,073.15","1,079.66"
2018-05-04,"1,080.22","1,080.26","1,074.50","1,076.52"
2018-05-05,"1,076.37","1,077.91","1,073.65","1,074.21"
2018-05-07,"1,074.11","1,082.97","1,073.12","1,080.97"
2018-05-08,"1,080.22","1,081.41","1,075.65","1,080.17"
2018-05-09,"1,080.10","1,083.94","1,076.31","1,080.14"
2018-05-10,"1,080.53","1,081.43","1,066.88","1,068.64"
2018-05-11,"1,068.48","1,071.14","1,064.45","1,068.08"
2018-05-12,"1,068.12","1,073.00","1,066.43","1,067.88"
2018-05-14,"1,067.70","1,070.25","1,064.80","1,069.67"
2018-05-15,"1,069.70","1,079.26","1,068.87","1,076.75"
2018-05-16,"1,076.80","1,083.88","1,075.17","1,078.61"
2018-05-17,"1,078.72","1,083.54","1,076.66","1,082.39"
2018-05-18,"1,082.42","1,085.85","1,076.71","1,081.63"
2018-05-19,"1,081.68","1,083.22","1,080.37","1,081.37"
2018-05-21,"1,081.30","1,087.74","1,079.00","1,081.78"
2018-05-22,"1,081.74","1,081.75","1,073.02","1,075.69"
2018-05-23,"1,075.92","1,083.70","1,073.94","1,080.93"
2018-05-24,"1,080.92","1,085.64","1,075.66","1,085.22"
2018-05-25,"1,085.32","1,085.46","1,075.16","1,078.65"
2018-05-26,"1,078.64","1,079.75","1,076.93","1,077.75"
2018-05-28,"1,075.50","1,078.48","1,071.44","1,074.78"
2018-05-29,"1,074.77","1,082.33","1,073.80","1,081.94"
2018-05-30,"1,082.72","1,085.84","1,077.68","1,080.72"
2018-05-31,"1,080.88","1,081.25","1,074.00","1,079.06"
2018-06-01,"1,079.16","1,083.49","1,071.50","1,073.72"
2018-06-02,"1,074.01","1,076.25","1,071.20","1,071.68"
2018-06-04,"1,071.65","1,072.75","1,067.88","1,070.64"
2018-06-05,"1,070.79","1,072.61","1,067.70","1,072.12"
2018-06-06,"1,072.11","1,073.40","1,066.05","1,066.99"
2018-06-07,"1,066.97","1,071.55","1,065.95","1,071.13"
2018-06-08,"1,071.13","1,078.48","1,070.50","1,077.15"
2018-06-09,"1,077.13","1,077.24","1,074.36","1,074.36"
2018-06-11,"1,074.45","1,078.62","1,071.85","1,075.93"
2018-06-12,"1,075.88","1,079.96","1,072.80","1,077.30"
2018-06-13,"1,077.34","1,087.58","1,076.00","1,084.14"
2018-06-14,"1,083.90","1,088.93","1,080.93","1,084.18"
2018-06-15,"1,084.42","1,104.38","1,083.77","1,103.70"
2018-06-16,"1,103.96","1,104.92","1,101.11","1,102.17"
2018-06-18,"1,104.61","1,106.64","1,102.00","1,106.28"
2018-06-19,"1,106.36","1,118.00","1,102.60","1,114.21"
2018-06-20,"1,114.49","1,115.10","1,104.20","1,108.38"
2018-06-21,"1,108.67","1,114.39","1,105.16","1,110.22"
2018-06-22,"1,109.94","1,115.28","1,106.31","1,115.20"
2018-06-23,"1,115.00","1,115.86","1,108.74","1,112.05"
2018-06-25,"1,112.10","1,119.02","1,110.40","1,114.85"
2018-06-26,"1,115.24","1,120.69","1,113.11","1,119.97"
2018-06-27,"1,120.11","1,122.58","1,115.57","1,118.62"
2018-06-28,"1,118.61","1,126.99","1,118.51","1,123.17"
2018-06-29,"1,123.40","1,123.68","1,110.90","1,111.75"
2018-06-30,"1,111.65","1,117.00","1,111.54","1,114.98"
2018-07-02,"1,116.65","1,122.11","1,112.50","1,120.10"
2018-07-03,"1,120.05","1,124.65","1,111.20","1,115.11"
2018-07-04,"1,115.17","1,120.75","1,112.30","1,116.41"
2018-07-05,"1,116.13","1,121.90","1,114.00","1,118.74"
2018-07-06,"1,118.89","1,122.00","1,114.00","1,115.79"
2018-07-07,"1,115.84","1,117.37","1,114.20","1,115.55"
2018-07-09,"1,114.93","1,115.98","1,109.61","1,112.15"
2018-07-10,"1,112.15","1,117.98","1,109.78","1,114.98"
2018-07-11,"1,115.20","1,125.22","1,113.28","1,122.12"
2018-07-12,"1,122.12","1,130.37","1,113.50","1,124.20"
2018-07-13,"1,124.03","1,135.15","1,122.03","1,131.50"
2018-07-14,"1,131.23","1,132.25","1,124.50","1,130.21"
2018-07-16,"1,130.00","1,130.95","1,125.24","1,129.10"
2018-07-17,"1,129.08","1,129.54","1,122.65","1,127.00"
2018-07-18,"1,127.09","1,134.46","1,123.85","1,132.90"
2018-07-19,"1,132.87","1,140.88","1,128.65","1,138.50"
2018-07-20,"1,138.20","1,139.34","1,127.04","1,128.91"
2018-07-21,"1,128.88","1,136.00","1,126.80","1,127.61"
2018-07-23,"1,127.99","1,137.80","1,126.09","1,135.30"
2018-07-24,"1,135.29","1,137.53","1,125.98","1,126.33"
2018-07-25,"1,126.10","1,130.54","1,118.82","1,125.20"
2018-07-26,"1,124.75","1,124.96","1,116.40","1,123.30"
2018-07-27,"1,123.08","1,125.00","1,113.96","1,116.80"
2018-07-28,"1,116.79","1,118.68","1,115.42","1,115.88"
2018-07-30,"1,115.76","1,121.00","1,113.47","1,116.30"
2018-07-31,"1,116.33","1,120.83","1,114.84","1,116.53"
2018-08-01,"1,116.44","1,122.34","1,110.84","1,117.70"
2018-08-02,"1,117.97","1,131.11","1,117.27","1,129.00"
2018-08-03,"1,129.04","1,130.42","1,120.65","1,124.80"
2018-08-04,"1,124.78","1,127.22","1,122.50","1,122.87"
2018-08-06,"1,123.30","1,127.66","1,121.84","1,126.45"
2018-08-07,"1,126.68","1,127.90","1,117.58","1,120.40"
2018-08-08,"1,120.29","1,123.25","1,117.10","1,119.80"
2018-08-09,"1,119.80","1,120.23","1,116.15","1,119.10"
2018-08-10,"1,118.80","1,131.00","1,118.77","1,127.80"
2018-08-11,"1,127.70","1,132.30","1,127.34","1,130.43"
2018-08-13,"1,131.65","1,137.40","1,129.25","1,132.44"
2018-08-14,"1,132.95","1,138.29","1,127.40","1,127.88"
2018-08-15,"1,127.97","1,137.45","1,127.38","1,137.20"
2018-08-16,"1,137.29","1,138.17","1,124.02","1,124.87"
2018-08-17,"1,124.38","1,129.82","1,122.57","1,122.90"
2018-08-18,"1,123.02","1,123.95","1,118.60","1,119.70"
2018-08-20,"1,119.46","1,124.10","1,119.31","1,121.97"
2018-08-21,"1,121.83","1,122.11","1,116.40","1,117.76"
2018-08-22,"1,118.05","1,120.70","1,115.20","1,118.12"
2018-08-23,"1,118.10","1,124.24","1,117.48","1,123.23"
2018-08-24,"1,123.03","1,127.57","1,113.25","1,113.80"
2018-08-25,"1,113.70","1,116.85","1,113.00","1,114.00"
2018-08-27,"1,114.41","1,116.00","1,110.57","1,110.72"
2018-08-28,"1,110.70","1,111.90","1,104.56","1,106.00"
2018-08-29,"1,106.01","1,114.55","1,105.26","1,111.25"
2018-08-30,"1,111.27","1,114.03","1,107.18","1,111.50"
2018-08-31,"1,111.22","1,118.50","1,111.15","1,115.85"
2018-09-01,"1,116.00","1,118.20","1,115.29","1,115.64"
2018-09-03,"1,116.00","1,117.76","1,109.14","1,111.75"
2018-09-04,"1,111.80","1,121.71","1,110.79","1,118.66"
2018-09-05,"1,118.91","1,126.09","1,113.59","1,121.89"
2018-09-06,"1,121.95","1,124.87","1,116.80","1,121.98"
2018-09-07,"1,122.20","1,126.73","1,120.84","1,124.35"
2018-09-08,"1,124.21","1,129.00","1,123.99","1,128.55"
2018-09-10,"1,129.00","1,130.31","1,125.77","1,128.50"
2018-09-11,"1,128.49","1,138.00","1,123.79","1,127.63"
2018-09-12,"1,127.76","1,129.80","1,123.35","1,126.66"
2018-09-13,"1,126.60","1,127.41","1,117.25","1,122.20"
2018-09-14,"1,122.21","1,127.85","1,115.86","1,120.09"
2018-09-15,"1,119.80","1,122.46","1,118.00","1,121.43"
2018-09-17,"1,121.80","1,129.34","1,121.00","1,124.90"
2018-09-18,"1,124.85","1,130.50","1,122.72","1,123.95"
2018-09-19,"1,123.90","1,125.60","1,119.89","1,120.60"
2018-09-20,"1,120.60","1,123.70","1,116.92","1,118.60"
2018-09-21,"1,118.30","1,120.50","1,112.50","1,114.50"
2018-09-22,"1,114.46","1,115.49","1,113.50","1,114.90"
2018-09-24,"1,115.40","1,121.39","1,114.93","1,119.00"
2018-09-25,"1,118.94","1,120.80","1,117.50","1,118.00"
2018-09-26,"1,118.10","1,119.27","1,114.25","1,114.70"
2018-09-27,"1,114.75","1,116.80","1,109.25","1,110.91"
2018-09-28,"1,111.10","1,114.75","1,107.25","1,110.20"
2018-09-29,"1,110.01","1,111.03","1,109.50","1,110.16"
2018-10-01,"1,109.46","1,112.37","1,108.66","1,111.93"
2018-10-02,"1,112.09","1,123.28","1,111.30","1,117.74"
2018-10-03,"1,117.88","1,121.08","1,116.81","1,119.96"
2018-10-04,"1,120.03","1,130.86","1,118.50","1,129.75"
2018-10-05,"1,130.02","1,134.19","1,127.66","1,130.42"
2018-10-06,"1,130.40","1,133.40","1,129.30","1,132.00"
2018-10-08,"1,132.12","1,138.97","1,129.15","1,137.55"
2018-10-09,"1,137.45","1,138.35","1,132.28","1,133.83"
2018-10-10,"1,135.11","1,139.74","1,130.04","1,139.19"
2018-10-11,"1,139.29","1,147.00","1,133.93","1,134.80"
2018-10-12,"1,136.33","1,139.53","1,128.90","1,131.26"
2018-10-13,"1,131.03","1,135.50","1,129.79","1,131.35"
2018-10-15,"1,132.16","1,134.73","1,126.84","1,128.72"
2018-10-16,"1,128.74","1,136.30","1,122.05","1,124.20"
2018-10-17,"1,124.40","1,128.50","1,121.98","1,127.41"
2018-10-18,"1,127.51","1,137.96","1,125.70","1,136.51"
2018-10-19,"1,135.70","1,139.99","1,129.25","1,130.30"
2018-10-20,"1,130.17","1,133.27","1,129.95","1,132.12"
2018-10-22,"1,132.10","1,135.65","1,127.07","1,132.53"
2018-10-23,"1,132.82","1,139.55","1,132.09","1,138.55"
2018-10-24,"1,138.89","1,139.00","1,128.77","1,137.86"
2018-10-25,"1,138.20","1,140.69","1,135.23","1,135.75"
2018-10-26,"1,135.87","1,144.85","1,134.19","1,143.40"
2018-10-27,"1,143.58","1,143.60","1,139.98","1,140.35"
2018-10-29,"1,140.52","1,143.93","1,135.97","1,139.50"
2018-10-30,"1,139.63","1,144.40","1,137.35","1,139.20"
2018-10-31,"1,139.15","1,143.20","1,137.45","1,142.00"
2018-11-01,"1,141.59","1,142.66","1,125.33","1,125.70"
2018-11-02,"1,125.99","1,130.20","1,111.30","1,116.07"
2018-11-03,"1,116.00","1,121.26","1,115.39","1,117.68"
2018-11-05,"1,118.09","1,125.35","1,116.90","1,122.09"
2018-11-06,"1,122.20","1,125.73","1,119.39","1,121.09"
2018-11-07,"1,121.00","1,125.20","1,117.24","1,118.20"
2018-11-08,"1,118.17","1,119.87","1,113.65","1,117.19"
2018-11-09,"1,117.51","1,129.71","1,117.16","1,128.47"
2018-11-10,"1,128.30","1,131.78","1,128.30","1,130.69"
2018-11-12,"1,130.63","1,138.55","1,128.88","1,136.50"
2018-11-13,"1,136.40","1,141.00","1,131.05","1,133.50"
2018-11-14,"1,133.69","1,137.03","1,128.38","1,131.00"
2018-11-15,"1,130.85","1,135.15","1,126.65","1,129.90"
2018-11-16,"1,129.38","1,133.54","1,125.00","1,126.50"
2018-11-17,"1,126.42","1,127.00","1,119.50","1,121.40"
2018-11-19,"1,121.40","1,131.10","1,121.40","1,127.30"
2018-11-20,"1,126.85","1,129.50","1,125.00","1,128.44"
2018-11-21,"1,128.98","1,133.77","1,127.70","1,128.70"
2018-11-22,"1,128.84","1,138.43","1,127.10","1,129.60"
2018-11-23,"1,129.60","1,136.76","1,128.00","1,131.72"
2018-11-24,"1,131.78","1,134.03","1,131.37","1,133.50"
2018-11-26,"1,133.95","1,134.80","1,126.75","1,127.04"
2018-11-27,"1,126.80","1,130.90","1,126.54","1,129.80"
2018-11-28,"1,129.80","1,132.90","1,126.12","1,129.38"
2018-11-29,"1,129.40","1,130.35","1,118.40","1,120.18"
2018-11-30,"1,120.31","1,123.64","1,116.52","1,122.18"
2018-12-01,"1,122.01","1,122.32","1,117.50","1,120.44"
2018-12-03,"1,120.41","1,120.50","1,108.55","1,111.60"
2018-12-04,"1,112.32","1,114.25","1,103.89","1,108.36"
2018-12-05,"1,108.35","1,116.20","1,108.08","1,113.70"
2018-12-06,"1,114.06","1,123.83","1,112.65","1,121.00"
2018-12-07,"1,121.00","1,126.00","1,115.67","1,120.30"
2018-12-08,"1,120.18","1,126.80","1,119.45","1,124.85"
2018-12-10,"1,120.18","1,129.98","1,119.45","1,128.60"
2018-12-11,"1,128.48","1,133.55","1,126.52","1,129.48"
2018-12-12,"1,129.10","1,131.00","1,125.51","1,125.92"
2018-12-13,"1,125.73","1,128.70","1,120.40","1,125.80"
2018-12-14,"1,125.81","1,135.05","1,123.38","1,134.70"
2018-12-15,"1,134.60","1,134.77","1,132.50","1,132.70"
2018-12-17,"1,132.70","1,133.50","1,125.00","1,131.42"
2018-12-18,"1,131.19","1,132.30","1,128.20","1,129.40"
2018-12-19,"1,129.44","1,129.64","1,122.90","1,123.31"
2018-12-20,"1,123.34","1,131.00","1,119.15","1,123.49"
2018-12-21,"1,123.30","1,126.85","1,119.75","1,123.65"
2018-12-22,"1,123.81","1,129.31","1,123.10","1,129.04"
2018-12-24,"1,128.61","1,129.71","1,123.30","1,124.31"
2018-12-25,"1,124.44","1,126.67","1,122.80","1,125.90"
2018-12-26,"1,125.98","1,129.05","1,123.13","1,125.95"
2018-12-27,"1,125.81","1,129.00","1,118.64","1,121.67"
2018-12-28,"1,121.75","1,126.00","1,114.35","1,116.10"
2018-12-29,"1,115.99","1,118.25","1,113.30","1,117.05"
2018-12-31,"1,117.55","1,117.60","1,109.80","1,115.01"
2019-01-01,"1,115.25","1,115.52","1,112.67","1,113.40"
2019-01-02,"1,113.39","1,122.77","1,111.97","1,121.00"
2019-01-03,"1,121.00","1,130.20","1,118.70","1,125.76"
2019-01-04,"1,125.56","1,127.92","1,121.25","1,123.49"
2019-01-05,"1,123.49","1,123.57","1,115.99","1,116.85"
2019-01-07,"1,116.90","1,123.00","1,115.11","1,118.24"
2019-01-08,"1,118.20","1,127.80","1,116.47","1,123.23"
2019-01-09,"1,123.05","1,125.03","1,118.38","1,118.60"
2019-01-10,"1,118.53","1,122.08","1,116.67","1,118.67"
2019-01-11,"1,118.60","1,120.34","1,113.36","1,119.83"
2019-01-12,"1,119.83","1,119.90","1,117.64","1,118.23"
2019-01-14,"1,119.45","1,123.96","1,118.14","1,123.16"
2019-01-15,"1,122.87","1,124.20","1,118.25","1,121.70"
2019-01-16,"1,121.50","1,124.80","1,117.60","1,120.80"
2019-01-17,"1,120.80","1,125.40","1,119.35","1,124.30"
2019-01-18,"1,124.39","1,125.25","1,119.10","1,122.40"
2019-01-19,"1,122.40","1,126.23","1,120.76","1,125.99"
2019-01-21,"1,122.40","1,132.34","1,120.76","1,131.88"
2019-01-22,"1,131.91","1,134.95","1,125.50","1,130.67"
2019-01-23,"1,130.50","1,132.77","1,125.50","1,127.20"
2019-01-24,"1,127.17","1,130.80","1,125.20","1,128.60"
2019-01-25,"1,128.53","1,130.13","1,118.30","1,118.50"
2019-01-26,"1,118.38","1,128.50","1,117.51","1,118.78"
2019-01-28,"1,118.78","1,120.13","1,114.90","1,119.90"
2019-01-29,"1,119.80","1,123.35","1,115.55","1,117.40"
2019-01-30,"1,117.46","1,119.36","1,115.84","1,118.84"
2019-01-31,"1,118.87","1,119.04","1,108.60","1,111.78"
2019-02-01,"1,111.72","1,120.26","1,110.74","1,118.19"
2019-02-02,"1,118.00","1,120.31","1,118.00","1,119.40"
2019-02-04,"1,119.50","1,122.68","1,118.16","1,120.20"
2019-02-05,"1,119.93","1,123.50","1,117.30","1,117.83"
2019-02-06,"1,118.12","1,121.70","1,117.00","1,120.90"
2019-02-07,"1,120.90","1,127.35","1,120.00","1,124.20"
2019-02-08,"1,124.18","1,126.95","1,120.89","1,122.80"
2019-02-09,"1,123.39","1,124.64","1,123.20","1,124.50"
2019-02-11,"1,123.39","1,126.30","1,122.44","1,125.70"
2019-02-12,"1,125.70","1,127.70","1,122.72","1,123.23"
2019-02-13,"1,123.35","1,125.02","1,119.79","1,123.20"
2019-02-14,"1,123.18","1,129.20","1,122.17","1,127.97"
2019-02-15,"1,128.04","1,130.98","1,125.09","1,127.70"
2019-02-16,"1,127.69","1,127.70","1,125.35","1,126.44"
2019-02-18,"1,126.53","1,127.13","1,123.00","1,125.90"
2019-02-19,"1,125.90","1,128.80","1,125.17","1,126.70"
2019-02-20,"1,126.66","1,126.70","1,120.47","1,122.37"
2019-02-21,"1,122.16","1,127.26","1,120.64","1,126.67"
2019-02-22,"1,126.70","1,127.30","1,123.33","1,123.47"
2019-02-23,"1,123.48","1,124.25","1,121.50","1,122.99"
2019-02-25,"1,123.88","1,124.55","1,116.34","1,116.55"
2019-02-26,"1,116.58","1,119.50","1,115.50","1,117.75"
2019-02-27,"1,117.75","1,120.41","1,114.64","1,119.75"
2019-02-28,"1,119.65","1,125.35","1,117.10","1,124.53"
2019-03-01,"1,124.83","1,127.15","1,123.50","1,126.13"
2019-03-02,"1,125.75","1,128.33","1,125.52","1,127.67"
2019-03-04,"1,126.90","1,128.30","1,123.75","1,126.82"
2019-03-05,"1,126.83","1,129.83","1,124.87","1,127.00"
2019-03-06,"1,127.25","1,130.30","1,125.50","1,128.27"
2019-03-07,"1,128.05","1,133.04","1,126.60","1,132.58"
2019-03-08,"1,132.36","1,138.05","1,129.75","1,134.25"
2019-03-09,"1,134.33","1,134.74","1,132.47","1,133.90"
2019-03-11,"1,134.93","1,136.60","1,132.95","1,133.92"
2019-03-12,"1,133.66","1,134.30","1,127.00","1,128.95"
2019-03-13,"1,129.08","1,133.80","1,127.41","1,131.26"
2019-03-14,"1,131.42","1,136.90","1,129.30","1,135.55"
2019-03-15,"1,135.74","1,139.40","1,132.45","1,135.75"
2019-03-16,"1,135.90","1,136.05","1,134.58","1,134.58"
2019-03-18,"1,134.58","1,136.65","1,131.03","1,132.45"
2019-03-19,"1,132.45","1,133.82","1,128.75","1,130.17"
2019-03-20,"1,130.35","1,133.12","1,128.40","1,128.81"
2019-03-21,"1,128.74","1,130.12","1,123.65","1,128.75"
2019-03-22,"1,128.77","1,137.32","1,127.48","1,137.29"
2019-03-23,"1,137.25","1,138.60","1,128.00","1,135.82"
2019-03-25,"1,135.82","1,136.30","1,132.40","1,133.17"
2019-03-26,"1,133.26","1,135.07","1,130.75","1,133.95"
2019-03-27,"1,133.84","1,139.00","1,133.55","1,138.84"
2019-03-28,"1,139.05","1,139.84","1,136.39","1,137.65"
2019-03-29,"1,137.71","1,138.50","1,134.79","1,137.74"
2019-03-30,"1,137.35","1,138.20","1,136.80","1,137.22"
2019-04-01,"1,137.35","1,137.96","1,131.22","1,133.95"
2019-04-02,"1,134.02","1,138.67","1,132.25","1,138.27"
2019-04-03,"1,138.36","1,138.85","1,132.81","1,135.15"
2019-04-04,"1,135.35","1,138.97","1,133.50","1,137.45"
2019-04-05,"1,137.57","1,138.67","1,135.15","1,137.36"
2019-04-06,"1,137.41","1,138.09","1,137.27","1,137.69"
2019-04-08,"1,137.69","1,146.70","1,136.50","1,144.56"
2019-04-09,"1,144.74","1,144.90","1,139.29","1,141.40"
2019-04-10,"1,141.35","1,144.10","1,137.36","1,138.99"
2019-04-11,"1,139.01","1,141.89","1,136.96","1,140.95"
2019-04-12,"1,140.95","1,142.83","1,132.93","1,134.05"
2019-04-13,"1,134.05","1,134.82","1,133.62","1,134.72"
2019-04-15,"1,134.72","1,135.86","1,131.91","1,133.78"
2019-04-16,"1,133.82","1,136.95","1,133.75","1,136.75"
2019-04-17,"1,136.82","1,138.11","1,132.03","1,132.45"
2019-04-18,"1,132.51","1,138.49","1,131.86","1,136.85"
2019-04-19,"1,137.07","1,137.66","1,135.61","1,136.80"
2019-04-20,"1,136.73","1,136.83","1,136.00","1,136.58"
2019-04-22,"1,136.58","1,142.85","1,135.49","1,141.05"
2019-04-23,"1,140.75","1,145.34","1,137.10","1,144.44"
2019-04-24,"1,144.54","1,157.82","1,142.54","1,156.85"
2019-04-25,"1,156.35","1,165.74","1,155.20","1,159.85"
2019-04-26,"1,159.84","1,162.89","1,156.30","1,158.26"
2019-04-27,"1,158.35","1,159.37","1,157.51","1,158.91"
2019-04-29,"1,158.92","1,161.34","1,156.92","1,160.75"
2019-04-30,"1,160.76","1,169.70","1,158.95","1,166.25"
2019-05-01,"1,166.65","1,167.32","1,160.77","1,162.32"
2019-05-02,"1,162.50","1,167.69","1,160.32","1,166.94"
2019-05-03,"1,167.15","1,171.83","1,164.00","1,165.85"
2019-05-04,"1,165.59","1,168.81","1,164.30","1,164.33"
2019-05-06,"1,164.33","1,173.46","1,164.30","1,170.35"
2019-05-07,"1,170.36","1,174.00","1,166.20","1,172.89"
2019-05-08,"1,172.93","1,173.68","1,167.90","1,171.67"
2019-05-09,"1,171.13","1,185.83","1,170.03","1,184.78"
2019-05-10,"1,184.97","1,185.98","1,175.10","1,181.75"
2019-05-11,"1,181.85","1,182.55","1,173.15","1,175.20"
2019-05-13,"1,175.20","1,190.32","1,175.18","1,188.97"
2019-05-14,"1,188.94","1,190.42","1,184.75","1,187.14"
2019-05-15,"1,187.06","1,192.11","1,185.36","1,188.48"
2019-05-16,"1,188.10","1,192.65","1,186.11","1,189.65"
2019-05-17,"1,189.53","1,196.06","1,189.15","1,193.35"
2019-05-18,"1,193.30","1,195.13","1,192.89","1,194.74"
2019-05-20,"1,194.74","1,195.30","1,191.32","1,193.00"
2019-05-21,"1,192.86","1,196.40","1,191.57","1,193.09"
2019-05-22,"1,192.88","1,196.61","1,187.93","1,190.17"
2019-05-23,"1,190.20","1,194.16","1,188.50","1,190.92"
2019-05-24,"1,190.71","1,191.30","1,185.55","1,186.88"
2019-05-25,"1,186.61","1,187.75","1,185.50","1,186.00"
2019-05-27,"1,186.00","1,186.95","1,182.50","1,184.77"
2019-05-28,"1,184.50","1,190.21","1,183.29","1,187.98"
2019-05-29,"1,187.60","1,196.21","1,185.50","1,195.17"
2019-05-30,"1,195.81","1,196.38","1,185.50","1,189.33"
2019-05-31,"1,189.27","1,194.74","1,188.39","1,190.40"
2019-06-01,"1,190.22","1,191.50","1,188.46","1,188.97"
2019-06-03,"1,188.95","1,189.50","1,178.85","1,181.16"
2019-06-04,"1,181.04","1,185.50","1,178.45","1,181.85"
2019-06-05,"1,182.00","1,182.24","1,173.50","1,179.75"
2019-06-06,"1,179.80","1,183.07","1,178.40","1,179.57"
2019-06-07,"1,179.42","1,187.29","1,177.55","1,180.15"
2019-06-08,"1,180.43","1,182.10","1,179.90","1,182.08"
2019-06-10,"1,182.08","1,191.15","1,178.50","1,183.98"
2019-06-11,"1,184.06","1,185.65","1,178.50","1,179.78"
2019-06-12,"1,179.00","1,184.62","1,178.07","1,182.20"
2019-06-13,"1,182.95","1,187.10","1,181.50","1,183.45"
2019-06-14,"1,183.43","1,186.30","1,181.90","1,186.25"
2019-06-15,"1,186.23","1,188.03","1,184.55","1,186.47"
2019-06-17,"1,186.51","1,187.84","1,184.50","1,185.80"
2019-06-18,"1,185.84","1,187.56","1,173.99","1,175.20"
2019-06-19,"1,175.08","1,180.25","1,172.73","1,174.60"
2019-06-20,"1,174.80","1,176.73","1,157.75","1,159.05"
2019-06-21,"1,158.88","1,164.40","1,156.17","1,158.98"
2019-06-22,"1,158.83","1,159.99","1,156.99","1,159.17"
2019-06-24,"1,159.17","1,161.00","1,154.80","1,156.90"
2019-06-25,"1,156.98","1,157.06","1,153.12","1,154.59"
2019-06-26,"1,154.62","1,160.40","1,152.35","1,155.76"
2019-06-27,"1,155.71","1,158.65","1,153.49","1,156.00"
2019-06-28,"1,156.15","1,159.14","1,153.40","1,157.15"
2019-06-29,"1,157.26","1,158.76","1,156.00","1,156.43"
2019-07-01,"1,156.43","1,163.92","1,149.78","1,162.85"
2019-07-02,"1,162.95","1,168.35","1,160.70","1,165.41"
2019-07-03,"1,165.25","1,172.43","1,164.90","1,169.06"
2019-07-04,"1,169.13","1,171.51","1,167.30","1,169.53"
2019-07-05,"1,169.49","1,176.25","1,167.70","1,174.57"
2019-07-06,"1,175.57","1,175.98","1,174.49","1,175.02"
2019-07-08,"1,175.07","1,182.14","1,175.00","1,179.74"
2019-07-09,"1,179.50","1,184.26","1,175.00","1,182.58"
2019-07-10,"1,182.29","1,184.61","1,175.00","1,176.39"
2019-07-11,"1,176.47","1,182.50","1,170.23","1,174.31"
2019-07-12,"1,174.55","1,179.83","1,174.10","1,179.02"
2019-07-13,"1,179.01","1,179.18","1,175.00","1,177.31"
2019-07-15,"1,177.31","1,181.88","1,171.31","1,179.20"
2019-07-16,"1,179.21","1,182.20","1,176.50","1,178.94"
2019-07-17,"1,178.83","1,184.48","1,177.80","1,181.05"
2019-07-18,"1,181.05","1,184.83","1,174.88","1,176.90"
2019-07-19,"1,177.10","1,177.69","1,170.28","1,174.73"
2019-07-20,"1,174.70","1,176.62","1,173.99","1,176.10"
2019-07-22,"1,176.11","1,179.00","1,175.17","1,175.77"
2019-07-23,"1,175.79","1,180.46","1,175.65","1,179.53"
2019-07-24,"1,179.45","1,180.65","1,176.50","1,177.85"
2019-07-25,"1,178.11","1,182.48","1,177.20","1,180.74"
2019-07-26,"1,181.00","1,186.30","1,180.35","1,183.70"
2019-07-27,"1,183.70","1,184.86","1,182.95","1,184.25"
2019-07-29,"1,184.25","1,185.53","1,180.80","1,184.25"
2019-07-30,"1,184.33","1,184.66","1,179.75","1,181.92"
2019-07-31,"1,181.98","1,183.58","1,180.10","1,182.57"
2019-08-01,"1,182.43","1,191.30","1,181.73","1,188.26"
2019-08-02,"1,188.22","1,205.46","1,186.60","1,204.55"
2019-08-03,"1,205.64","1,208.45","1,203.25","1,204.61"
2019-08-05,"1,204.61","1,225.17","1,203.00","1,218.18"
2019-08-06,"1,217.95","1,221.34","1,208.80","1,213.54"
2019-08-07,"1,213.80","1,219.80","1,211.80","1,217.53"
2019-08-08,"1,217.71","1,219.61","1,207.40","1,207.80"
2019-08-09,"1,207.60","1,216.69","1,206.19","1,214.60"
2019-08-10,"1,214.62","1,217.24","1,212.89","1,214.42"
2019-08-12,"1,214.42","1,220.06","1,213.90","1,218.94"
2019-08-13,"1,219.15","1,224.14","1,206.93","1,210.00"
2019-08-14,"1,209.60","1,218.23","1,205.64","1,217.66"
2019-08-15,"1,217.65","1,219.16","1,213.00","1,213.24"
2019-08-16,"1,213.30","1,215.60","1,205.80","1,205.97"
2019-08-17,"1,205.92","1,209.15","1,205.40","1,208.49"
2019-08-19,"1,208.49","1,212.17","1,208.49","1,209.76"
2019-08-20,"1,209.84","1,213.65","1,205.50","1,207.80"
2019-08-21,"1,207.81","1,209.70","1,198.75","1,203.49"
2019-08-22,"1,203.30","1,215.92","1,200.46","1,211.17"
2019-08-23,"1,211.24","1,214.90","1,205.51","1,205.51"
2019-08-24,"1,208.79","1,218.26","1,207.75","1,213.67"
2019-08-26,"1,213.65","1,219.75","1,211.55","1,214.10"
2019-08-27,"1,214.87","1,215.50","1,207.68","1,211.50"
2019-08-28,"1,211.70","1,215.80","1,211.44","1,213.59"
2019-08-29,"1,213.57","1,217.00","1,208.25","1,210.35"
2019-08-30,"1,210.58","1,211.75","1,206.25","1,209.11"
2019-08-31,"1,208.70","1,210.55","1,208.20","1,210.51"
2019-09-02,"1,210.51","1,214.80","1,209.07","1,212.40"
2019-09-03,"1,212.25","1,217.20","1,210.00","1,213.15"
2019-09-04,"1,213.19","1,214.18","1,203.20","1,204.70"
2019-09-05,"1,204.60","1,205.53","1,196.40","1,198.20"
2019-09-06,"1,198.68","1,199.45","1,189.92","1,190.60"
2019-09-07,"1,191.20","1,194.25","1,190.10","1,192.78"
2019-09-09,"1,192.78","1,194.95","1,189.20","1,191.76"
2019-09-10,"1,191.85","1,193.70","1,188.02","1,192.56"
2019-09-11,"1,192.40","1,194.75","1,188.80","1,191.19"
2019-09-12,"1,190.97","1,191.66","1,177.79","1,182.19"
2019-09-13,"1,182.54","1,184.44","1,175.66","1,178.08"
2019-09-14,"1,177.71","1,180.15","1,176.85","1,179.72"
2019-09-16,"1,179.72","1,185.72","1,179.70","1,184.40"
2019-09-17,"1,184.57","1,192.36","1,183.75","1,187.45"
2019-09-18,"1,187.45","1,192.73","1,186.40","1,190.95"
2019-09-19,"1,190.75","1,197.15","1,189.00","1,193.04"
2019-09-20,"1,192.85","1,195.52","1,187.19","1,188.81"
2019-09-21,"1,188.77","1,194.94","1,188.60","1,194.13"
2019-09-23,"1,194.13","1,199.23","1,190.80","1,196.30"
2019-09-24,"1,195.85","1,196.90","1,192.20","1,196.05"
2019-09-25,"1,196.10","1,201.84","1,194.17","1,200.65"
2019-09-26,"1,200.66","1,203.00","1,197.75","1,201.47"
2019-09-27,"1,202.21","1,202.55","1,197.15","1,198.40"
2019-09-28,"1,198.41","1,203.76","1,198.30","1,202.96"
2019-09-30,"1,202.96","1,203.30","1,195.59","1,199.00"
2019-10-01,"1,198.90","1,204.25","1,196.40","1,203.30"
2019-10-02,"1,203.43","1,208.54","1,201.15","1,206.19"
2019-10-03,"1,206.31","1,206.61","1,201.70","1,202.14"
2019-10-04,"1,201.84","1,203.00","1,193.30","1,194.87"
2019-10-05,"1,194.60","1,194.60","1,191.80","1,192.25"
2019-10-07,"1,192.25","1,198.47","1,192.25","1,196.42"
2019-10-08,"1,196.42","1,199.32","1,192.50","1,198.04"
2019-10-09,"1,197.87","1,200.31","1,195.91","1,198.33"
2019-10-10,"1,198.21","1,204.45","1,190.60","1,191.56"
2019-10-11,"1,191.51","1,194.00","1,178.61","1,179.75"
2019-10-12,"1,179.42","1,185.41","1,178.11","1,183.48"
2019-10-14,"1,183.48","1,187.16","1,180.75","1,183.98"
2019-10-15,"1,183.77","1,187.03","1,180.00","1,184.72"
2019-10-16,"1,184.89","1,190.57","1,183.85","1,188.27"
2019-10-17,"1,188.32","1,188.40","1,175.29","1,179.00"
2019-10-18,"1,178.96","1,182.45","1,178.13","1,179.49"
2019-10-19,"1,179.32","1,181.34","1,178.62","1,178.89"
2019-10-21,"1,178.89","1,180.05","1,169.01","1,172.32"
2019-10-22,"1,172.42","1,176.27","1,169.35","1,173.28"
2019-10-23,"1,173.27","1,176.50","1,170.77","1,172.68"
2019-10-24,"1,172.52","1,173.98","1,167.53","1,173.51"
2019-10-25,"1,173.42","1,175.86","1,172.57","1,173.99"
2019-10-26,"1,173.87","1,174.52","1,171.47","1,171.82"
2019-10-28,"1,171.82","1,174.00","1,168.05","1,168.92"
2019-10-29,"1,168.87","1,171.25","1,162.80","1,166.97"
2019-10-30,"1,166.77","1,169.66","1,164.45","1,168.65"
2019-10-31,"1,168.63","1,170.81","1,159.47","1,168.92"
2019-11-01,"1,168.92","1,171.39","1,164.37","1,164.98"
2019-11-02,"1,165.03","1,166.10","1,164.15","1,164.68"
2019-11-04,"1,164.68","1,164.85","1,158.35","1,161.50"
2019-11-05,"1,161.44","1,167.00","1,154.00","1,156.58"
2019-11-06,"1,156.73","1,159.50","1,155.03","1,158.47"
2019-11-07,"1,158.46","1,163.25","1,153.07","1,154.46"
2019-11-08,"1,154.46","1,157.99","1,152.91","1,157.71"
2019-11-09,"1,158.80","1,159.66","1,157.65","1,158.76"
2019-11-11,"1,158.76","1,167.03","1,158.76","1,165.83"
2019-11-12,"1,165.82","1,166.11","1,159.85","1,163.38"
2019-11-13,"1,163.22","1,172.53","1,163.13","1,170.83"
2019-11-14,"1,170.66","1,173.98","1,168.45","1,171.10"
2019-11-15,"1,171.05","1,173.22","1,163.71","1,163.82"
2019-11-16,"1,164.00","1,167.25","1,163.54","1,163.65"
2019-11-18,"1,163.65","1,167.65","1,162.40","1,167.38"
2019-11-19,"1,167.38","1,170.30","1,165.22","1,167.47"
2019-11-20,"1,167.38","1,171.35","1,163.75","1,169.20"
2019-11-21,"1,169.19","1,179.20","1,169.19","1,176.09"
2019-11-22,"1,176.24","1,179.83","1,175.18","1,178.36"
2019-11-23,"1,178.63","1,181.69","1,178.38","1,180.33"
2019-11-25,"1,180.33","1,180.75","1,173.80","1,173.94"
2019-11-26,"1,173.94","1,178.83","1,170.56","1,176.97"
2019-11-27,"1,177.18","1,178.54","1,172.13","1,178.00"
2019-11-28,"1,177.92","1,180.70","1,176.29","1,179.12"
2019-11-29,"1,179.15","1,182.45","1,176.81","1,180.94"
2019-11-30,"1,181.19","1,181.88","1,180.55","1,181.70"
2019-12-02,"1,181.70","1,186.56","1,178.04","1,185.42"
2019-12-03,"1,185.18","1,194.16","1,183.94","1,192.21"
2019-12-04,"1,191.91","1,195.90","1,188.56","1,190.31"
2019-12-05,"1,189.74","1,193.10","1,187.88","1,190.22"
2019-12-06,"1,189.97","1,192.50","1,186.15","1,188.78"
2019-12-07,"1,188.89","1,189.59","1,185.92","1,186.21"
2019-12-09,"1,186.21","1,193.39","1,185.99","1,190.47"
2019-12-10,"1,190.50","1,193.90","1,189.62","1,191.71"
2019-12-11,"1,191.83","1,196.03","1,188.70","1,192.90"
2019-12-12,"1,192.99","1,193.43","1,182.32","1,182.63"
2019-12-13,"1,181.53","1,182.30","1,168.55","1,175.14"
2019-12-14,"1,175.04","1,180.59","1,168.44","1,176.21"
2019-12-16,"1,176.21","1,176.21","1,169.14","1,169.36"
2019-12-17,"1,169.26","1,171.25","1,163.58","1,163.92"
2019-12-18,"1,163.93","1,170.48","1,162.60","1,165.98"
2019-12-19,"1,166.06","1,167.96","1,162.47","1,165.99"
2019-12-20,"1,165.94","1,166.04","1,158.19","1,159.58"
2019-12-21,"1,159.63","1,160.24","1,159.04","1,159.39"
2019-12-23,"1,161.35","1,164.63","1,159.39","1,164.00"
2019-12-24,"1,163.86","1,165.67","1,159.50","1,163.77"
2019-12-25,"1,163.78","1,163.83","1,161.53","1,161.70"
2019-12-26,"1,161.70","1,164.35","1,159.89","1,161.65"
2019-12-27,"1,161.65","1,164.82","1,158.38","1,160.85"
2019-12-28,"1,161.85","1,162.40","1,159.31","1,160.80"
2019-12-30,"1,160.80","1,160.80","1,154.88","1,156.92"
2019-12-31,"1,156.93","1,158.87","1,153.09","1,154.33"
2020-01-01,"1,154.27","1,156.14","1,154.00","1,154.75"
2020-01-02,"1,154.75","1,160.57","1,150.70","1,159.06"
2020-01-03,"1,158.84","1,168.42","1,156.06","1,165.35"
2020-01-04,"1,165.37","1,166.58","1,164.99","1,165.94"
2020-01-06,"1,165.94","1,172.86","1,165.94","1,169.17"
2020-01-07,"1,169.18","1,169.43","1,163.46","1,167.47"
2020-01-08,"1,167.41","1,179.36","1,166.32","1,167.90"
2020-01-09,"1,167.54","1,168.37","1,157.41","1,158.72"
2020-01-10,"1,158.85","1,163.90","1,157.94","1,159.24"
2020-01-11,"1,159.09","1,159.34","1,157.32","1,158.97"
2020-01-13,"1,158.97","1,159.00","1,153.34","1,157.51"
2020-01-14,"1,157.46","1,159.41","1,150.46","1,156.35"
2020-01-15,"1,156.51","1,162.79","1,155.33","1,157.53"
2020-01-16,"1,157.49","1,161.50","1,156.36","1,158.54"
2020-01-17,"1,158.57","1,161.81","1,156.06","1,159.74"
2020-01-18,"1,159.73","1,161.56","1,159.73","1,161.43"
2020-01-20,"1,161.43","1,161.44","1,156.11","1,159.89"
2020-01-21,"1,159.90","1,169.56","1,158.16","1,166.79"
2020-01-22,"1,166.69","1,170.43","1,162.66","1,164.72"
2020-01-23,"1,164.74","1,169.37","1,164.72","1,168.87"
2020-01-24,"1,168.85","1,170.42","1,166.34","1,167.76"
2020-01-25,"1,167.77","1,171.05","1,166.00","1,170.20"
2020-01-27,"1,170.24","1,179.71","1,169.50","1,177.08"
2020-01-28,"1,176.98","1,181.56","1,175.35","1,179.94"
2020-01-29,"1,179.76","1,180.08","1,173.91","1,179.77"
2020-01-30,"1,179.83","1,192.78","1,178.30","1,190.56"
2020-01-31,"1,190.72","1,197.26","1,184.15","1,196.58"
2020-02-01,"1,195.87","1,198.28","1,195.27","1,195.97"
2020-02-03,"1,195.97","1,199.18","1,191.69","1,191.96"
2020-02-04,"1,191.87","1,196.00","1,185.46","1,186.05"
2020-02-05,"1,185.92","1,192.45","1,180.54","1,184.25"
2020-02-06,"1,184.25","1,185.74","1,178.00","1,184.18"
2020-02-07,"1,183.80","1,195.45","1,183.48","1,195.38"
2020-02-08,"1,195.29","1,195.88","1,192.22","1,192.39"
2020-02-10,"1,192.39","1,192.95","1,184.50","1,189.11"
2020-02-11,"1,188.71","1,189.37","1,180.71","1,181.94"
2020-02-12,"1,181.91","1,189.12","1,176.26","1,179.24"
2020-02-13,"1,179.23","1,185.87","1,178.65","1,182.07"
2020-02-14,"1,183.12","1,185.41","1,180.87","1,183.54"
2020-02-15,"1,183.55","1,184.54","1,183.34","1,183.46"
2020-02-17,"1,183.46","1,184.64","1,179.26","1,184.33"
2020-02-18,"1,184.36","1,192.11","1,183.50","1,190.10"
2020-02-19,"1,190.06","1,193.51","1,184.00","1,190.85"
2020-02-20,"1,190.90","1,207.32","1,190.68","1,206.00"
2020-02-21,"1,206.20","1,214.91","1,203.25","1,211.47"
2020-02-22,"1,211.22","1,212.07","1,206.63","1,207.07"
2020-02-24,"1,207.07","1,222.68","1,207.07","1,219.71"
2020-02-25,"1,219.57","1,220.16","1,208.50","1,213.92"
2020-02-26,"1,214.21","1,220.36","1,210.04","1,214.47"
2020-02-27,"1,214.77","1,218.41","1,209.77","1,211.74"
2020-02-28,"1,211.69","1,218.13","1,206.31","1,208.26"
2020-02-29,"1,208.22","1,209.63","1,199.41","1,200.31"
2020-03-02,"1,200.31","1,207.18","1,188.69","1,191.33"
2020-03-03,"1,191.68","1,201.00","1,187.11","1,192.24"
2020-03-04,"1,188.91","1,193.01","1,177.41","1,185.28"
2020-03-05,"1,184.95","1,190.21","1,179.95","1,188.39"
2020-03-06,"1,188.36","1,194.40","1,176.33","1,190.37"
2020-03-07,"1,190.32","1,191.45","1,188.21","1,188.80"
2020-03-09,"1,188.80","1,207.41","1,188.60","1,199.73"
2020-03-10,"1,199.77","1,202.30","1,190.05","1,193.54"
2020-03-11,"1,193.19","1,197.51","1,184.71","1,187.95"
2020-03-12,"1,187.98","1,211.61","1,187.32","1,211.10"
2020-03-13,"1,211.18","1,234.01","1,201.20","1,208.70"
2020-03-14,"1,208.90","1,214.15","1,208.51","1,211.81"
2020-03-16,"1,211.81","1,231.81","1,211.78","1,228.19"
2020-03-17,"1,228.20","1,246.76","1,226.40","1,242.37"
2020-03-18,"1,242.30","1,261.90","1,232.25","1,261.03"
2020-03-19,"1,260.99","1,292.60","1,247.40","1,255.04"
2020-03-20,"1,254.17","1,266.46","1,218.16","1,245.43"
2020-03-21,"1,245.68","1,255.25","1,245.46","1,254.95"
2020-03-23,"1,254.95","1,282.60","1,246.00","1,256.70"
2020-03-24,"1,257.95","1,265.10","1,238.45","1,240.02"
2020-03-25,"1,239.85","1,243.00","1,225.70","1,230.50"
2020-03-26,"1,230.25","1,236.50","1,215.37","1,219.88"
2020-03-27,"1,219.46","1,227.05","1,205.71","1,224.22"
2020-03-28,"1,224.06","1,225.60","1,211.45","1,212.74"
2020-03-30,"1,212.73","1,226.76","1,212.63","1,224.84"
2020-03-31,"1,224.66","1,228.36","1,215.55","1,219.03"
2020-04-01,"1,219.25","1,233.33","1,214.29","1,231.57"
2020-04-02,"1,231.62","1,242.96","1,225.75","1,228.76"
2020-04-03,"1,228.85","1,238.50","1,223.21","1,238.25"
2020-04-04,"1,238.12","1,240.40","1,235.91","1,236.80"
2020-04-06,"1,236.80","1,243.16","1,226.45","1,227.63"
2020-04-07,"1,227.68","1,228.48","1,208.85","1,213.03"
2020-04-08,"1,212.94","1,223.01","1,210.03","1,218.30"
2020-04-09,"1,217.87","1,221.91","1,208.83","1,209.47"
2020-04-10,"1,209.83","1,215.55","1,207.00","1,211.10"
2020-04-11,"1,211.10","1,212.60","1,211.00","1,212.14"
2020-04-13,"1,212.14","1,221.11","1,211.10","1,218.41"
2020-04-14,"1,218.00","1,219.05","1,211.10","1,213.22"
2020-04-15,"1,213.27","1,225.36","1,209.64","1,223.73"
2020-04-16,"1,223.95","1,229.20","1,222.63","1,226.07"
2020-04-17,"1,226.70","1,230.16","1,214.21","1,217.66"
2020-04-18,"1,217.82","1,221.50","1,214.67","1,216.26"
2020-04-20,"1,216.26","1,222.16","1,215.06","1,217.00"
2020-04-21,"1,216.51","1,241.71","1,216.45","1,233.40"
2020-04-22,"1,233.62","1,237.66","1,230.21","1,234.71"
2020-04-23,"1,234.68","1,236.82","1,227.83","1,230.52"
2020-04-24,"1,230.62","1,237.36","1,229.68","1,234.18"
2020-04-25,"1,234.40","1,235.71","1,229.42","1,230.60"
2020-04-27,"1,230.60","1,234.41","1,223.89","1,223.94"
2020-04-28,"1,224.06","1,229.00","1,216.77","1,220.91"
2020-04-29,"1,221.23","1,223.00","1,213.83","1,213.87"
2020-04-30,"1,213.75","1,214.90","1,202.94","1,208.54"
2020-05-01,"1,208.48","1,224.38","1,208.15","1,223.18"
2020-05-02,"1,222.98","1,225.75","1,221.50","1,224.93"
2020-05-04,"1,224.80","1,230.11","1,223.67","1,226.02"
2020-05-05,"1,226.00","1,226.62","1,217.77","1,220.32"
2020-05-06,"1,220.22","1,229.18","1,218.97","1,228.12"
2020-05-07,"1,227.75","1,229.62","1,221.48","1,223.24"
2020-05-08,"1,223.07","1,224.00","1,214.51","1,217.03"
2020-05-09,"1,217.03","1,221.66","1,216.93","1,219.80"
2020-05-11,"1,219.80","1,225.75","1,214.36","1,223.69"
2020-05-12,"1,223.60","1,228.37","1,221.25","1,222.94"
2020-05-13,"1,222.88","1,228.90","1,220.61","1,223.91"
2020-05-14,"1,224.15","1,233.67","1,224.15","1,231.10"
2020-05-15,"1,230.80","1,235.42","1,226.50","1,232.38"
2020-05-16,"1,232.58","1,233.93","1,231.00","1,233.19"
2020-05-18,"1,233.19","1,235.63","1,226.13","1,226.39"
2020-05-19,"1,226.21","1,229.50","1,221.23","1,223.64"
2020-05-20,"1,223.60","1,232.33","1,222.97","1,225.18"
2020-05-21,"1,225.03","1,233.55","1,223.50","1,233.29"
2020-05-22,"1,233.40","1,244.28","1,231.60","1,242.34"
2020-05-23,"1,242.46","1,243.68","1,240.23","1,240.66"
2020-05-25,"1,240.66","1,245.16","1,237.96","1,241.08"
2020-05-26,"1,241.09","1,243.86","1,230.49","1,231.07"
2020-05-27,"1,231.09","1,238.94","1,230.17","1,238.35"
2020-05-28,"1,238.48","1,242.32","1,233.00","1,235.89"
2020-05-29,"1,235.89","1,240.30","1,234.06","1,236.16"
2020-05-30,"1,236.32","1,238.96","1,230.50","1,231.57"
2020-06-01,"1,231.57","1,237.00","1,222.00","1,223.94"
2020-06-02,"1,223.50","1,226.94","1,216.72","1,216.82"
2020-06-03,"1,216.92","1,220.83","1,214.27","1,216.75"
2020-06-04,"1,216.68","1,219.81","1,213.28","1,213.52"
2020-06-05,"1,213.59","1,218.30","1,203.76","1,205.68"
2020-06-06,"1,205.67","1,205.94","1,200.75","1,202.46"
2020-06-08,"1,202.46","1,205.56","1,198.22","1,199.34"
2020-06-09,"1,199.26","1,202.54","1,194.24","1,196.98"
2020-06-10,"1,196.99","1,200.32","1,188.03","1,191.42"
2020-06-11,"1,191.60","1,199.65","1,184.50","1,198.63"
2020-06-12,"1,199.09","1,210.06","1,198.60","1,204.80"
2020-06-13,"1,204.45","1,207.35","1,202.75","1,203.71"
2020-06-15,"1,203.71","1,216.71","1,203.60","1,212.09"
2020-06-16,"1,211.99","1,217.98","1,204.28","1,213.39"
2020-06-17,"1,214.69","1,218.86","1,210.20","1,214.00"
2020-06-18,"1,213.92","1,218.50","1,208.10","1,211.35"
2020-06-19,"1,210.46","1,214.50","1,206.08","1,208.20"
2020-06-20,"1,207.93","1,212.68","1,207.91","1,211.98"
2020-06-22,"1,211.98","1,218.50","1,209.94","1,211.66"
2020-06-23,"1,211.83","1,215.85","1,206.01","1,206.57"
2020-06-24,"1,206.60","1,212.00","1,198.95","1,204.39"
2020-06-25,"1,204.38","1,208.63","1,201.35","1,202.87"
2020-06-26,"1,202.85","1,208.00","1,197.50","1,203.39"
2020-06-27,"1,203.50","1,206.00","1,202.87","1,203.72"
2020-06-29,"1,203.72","1,208.00","1,197.72","1,201.26"
2020-06-30,"1,201.35","1,204.32","1,195.26","1,199.30"
