"날짜","종가","오픈","고가","저가","거래량","변동 %"
"2020년 08월 31일","2,260.43","2,259.14","2,277.77","2,243.68","-","-0.16%"
"2020년 08월 28일","2,264.14","2,225.76","2,264.59","2,222.20","-","1.98%"
"2020년 08월 27일","2,220.15","2,258.10","2,258.10","2,208.04","-","-1.34%"
"2020년 08월 26일","2,250.23","2,245.17","2,256.45","2,237.45","-","0.32%"
"2020년 08월 25일","2,243.06","2,226.34","2,243.44","2,221.96","-","1.07%"
"2020년 08월 24일","2,219.37","2,224.91","2,227.51","2,202.77","-","0.96%"
"2020년 08월 21일","2,198.33","2,178.02","2,199.27","2,170.64","-","0.79%"
"2020년 08월 20일","2,181.04","2,169.08","2,192.45","2,166.79","-","-0.90%"
"2020년 08월 19일","2,200.77","2,219.40","2,221.93","2,195.81","-","-0.63%"
"2020년 08월 18일","2,214.66","2,237.31","2,240.99","2,209.18","-","-0.58%"
"2020년 08월 17일","2,227.61","2,215.34","2,237.81","2,215.33","-","1.22%"
"2020년 08월 14일","2,200.81","2,203.11","2,227.93","2,194.38","-","-0.07%"
"2020년 08월 13일","2,202.41","2,221.61","2,226.69","2,193.49","-","-1.11%"
"2020년 08월 12일","2,227.22","2,173.94","2,232.01","2,168.90","-","3.36%"
"2020년 08월 11일","2,154.79","2,177.12","2,199.14","2,149.52","-","-1.14%"
"2020년 08월 10일","2,179.60","2,181.37","2,187.98","2,148.11","-","0.03%"
"2020년 08월 07일","2,178.86","2,199.41","2,210.01","2,153.53","-","-1.18%"
"2020년 08월 06일","2,204.94","2,198.96","2,207.70","2,181.76","-","-0.12%"
"2020년 08월 05일","2,207.56","2,202.51","2,215.51","2,191.29","-","-0.10%"
"2020년 08월 04일","2,209.81","2,177.42","2,209.91","2,174.93","-","1.49%"
"2020년 08월 03일","2,177.27","2,156.63","2,181.47","2,151.24","-","1.91%"
"2020년 07월 31일","2,136.41","2,144.74","2,145.42","2,104.92","-","-0.52%"
"2020년 07월 30일","2,147.55","2,105.39","2,148.60","2,098.79","-","1.96%"
"2020년 07월 29일","2,106.30","2,084.62","2,114.20","2,079.49","-","2.23%"
"2020년 07월 28일","2,060.40","2,082.85","2,084.78","2,058.90","-","-2.10%"
"2020년 07월 27일","2,104.62","2,056.98","2,105.58","2,056.50","-","3.23%"
"2020년 07월 24일","2,038.71","2,024.18","2,068.67","2,010.65","-","-1.56%"
"2020년 07월 23일","2,070.97","2,106.93","2,122.53","2,054.50","-","-1.64%"
"2020년 07월 22일","2,105.43","2,101.81","2,120.86","2,088.32","-","0.42%"
"2020년 07월 21일","2,096.59","2,125.71","2,126.64","2,089.57","-","-0.66%"
"2020년 07월 20일","2,110.47","2,070.23","2,114.26","2,057.90","-","2.00%"
"2020년 07월 17일","2,068.99","2,067.48","2,076.10","2,056.61","-","0.64%"
"2020년 07월 16일","2,055.92","2,038.87","2,063.41","2,032.60","-","-0.40%"
"2020년 07월 15일","2,064.17","2,077.51","2,077.51","2,033.23","-","-0.27%"
"2020년 07월 14일","2,069.79","2,020.86","2,073.44","1,994.30","-","1.75%"
"2020년 07월 13일","2,034.14","2,099.28","2,121.89","2,031.30","-","-1.72%"
"2020년 07월 10일","2,069.79","2,079.65","2,083.28","2,049.65","-","-0.33%"
"2020년 07월 09일","2,076.72","2,057.99","2,088.51","2,028.00","-","1.32%"
"2020년 07월 08일","2,049.76","2,038.50","2,051.14","2,020.84","-","1.48%"
"2020년 07월 07일","2,019.77","2,042.41","2,053.25","2,016.58","-","-1.32%"
"2020년 07월 06일","2,046.81","2,030.68","2,053.04","2,030.17","-","2.67%"
"2020년 07월 02일","1,993.61","1,994.22","2,011.12","1,986.36","-","1.35%"
"2020년 07월 01일","1,966.98","1,993.82","1,995.89","1,966.04","-","-1.48%"
"2020년 06월 30일","1,996.44","1,954.54","2,002.08","1,953.22","-","2.70%"
"2020년 06월 29일","1,943.90","1,924.80","1,944.64","1,899.80","-","1.14%"
"2020년 06월 26일","1,921.92","1,959.50","1,964.01","1,917.83","-","-2.00%"
"2020년 06월 25일","1,961.05","1,941.59","1,963.72","1,914.30","-","0.86%"
"2020년 06월 24일","1,944.30","1,976.63","1,988.23","1,930.69","-","-2.18%"
"2020년 06월 23일","1,987.73","2,002.07","2,009.82","1,986.06","-","0.22%"
"2020년 06월 22일","1,983.36","1,960.72","1,986.58","1,948.06","-","0.84%"
"2020년 06월 19일","1,966.79","1,999.89","2,008.51","1,963.20","-","-0.67%"
"2020년 06월 18일","1,980.14","1,979.14","1,989.19","1,969.98","-","-0.20%"
"2020년 06월 17일","1,984.08","1,978.26","2,000.69","1,971.94","-","0.94%"
"2020년 06월 16일","1,965.69","1,988.50","1,999.03","1,933.19","-","1.80%"
"2020년 06월 15일","1,931.01","1,865.43","1,933.26","1,857.15","-","1.43%"
"2020년 06월 12일","1,903.85","1,930.67","1,941.24","1,862.70","-","1.45%"
"2020년 06월 11일","1,876.66","1,948.24","1,961.56","1,876.18","-","-6.39%"
"2020년 06월 10일","2,004.66","2,006.66","2,025.10","1,999.45","-","0.33%"
"2020년 06월 09일","1,998.09","1,974.88","2,006.28","1,968.77","-","-0.03%"
"2020년 06월 08일","1,998.62","2,007.79","2,010.51","1,977.91","-","-0.26%"
"2020년 06월 05일","2,003.76","1,998.60","2,030.47","1,997.34","-","2.57%"
"2020년 06월 04일","1,953.47","1,928.00","1,968.25","1,923.32","-","0.83%"
"2020년 06월 03일","1,937.47","1,915.86","1,945.10","1,915.86","-","2.87%"
"2020년 06월 02일","1,883.41","1,849.66","1,884.76","1,840.39","-","2.18%"
"2020년 06월 01일","1,843.24","1,841.64","1,851.23","1,828.44","-","-0.50%"
"2020년 05월 29일","1,852.49","1,816.46","1,857.64","1,807.59","-","2.65%"
"2020년 05월 28일","1,804.66","1,843.14","1,857.40","1,797.06","-","-2.31%"
"2020년 05월 27일","1,847.31","1,823.78","1,847.46","1,774.10","-","1.47%"
"2020년 05월 26일","1,820.51","1,851.56","1,856.85","1,817.65","-","1.01%"
"2020년 05월 22일","1,802.31","1,790.85","1,803.60","1,772.67","-","0.63%"
"2020년 05월 21일","1,790.96","1,835.34","1,839.94","1,789.52","-","-2.71%"
"2020년 05월 20일","1,840.79","1,818.15","1,850.74","1,816.01","-","3.67%"
"2020년 05월 19일","1,775.61","1,777.50","1,815.34","1,774.84","-","-0.39%"
"2020년 05월 18일","1,782.54","1,746.72","1,789.35","1,746.13","-","4.80%"
"2020년 05월 15일","1,700.89","1,681.57","1,707.03","1,669.34","-","-2.19%"
"2020년 05월 14일","1,739.05","1,677.78","1,739.84","1,650.75","-","2.81%"
"2020년 05월 13일","1,691.57","1,729.62","1,741.61","1,667.52","-","-1.95%"
"2020년 05월 12일","1,725.24","1,784.15","1,790.69","1,724.40","-","-2.77%"
"2020년 05월 11일","1,774.31","1,757.38","1,788.87","1,756.64","-","-0.07%"
"2020년 05월 08일","1,775.61","1,745.20","1,777.02","1,738.41","-","2.94%"
"2020년 05월 07일","1,724.93","1,740.04","1,744.54","1,716.23","-","1.01%"
"2020년 05월 06일","1,707.75","1,710.50","1,734.11","1,704.07","-","1.08%"
"2020년 05월 05일","1,689.50","1,690.93","1,719.87","1,679.26","-","1.70%"
"2020년 05월 04일","1,661.30","1,634.26","1,663.05","1,625.77","-","1.03%"
"2020년 05월 01일","1,644.40","1,682.12","1,694.03","1,639.17","-","-5.02%"
"2020년 04월 30일","1,731.24","1,781.81","1,781.81","1,730.01","-","-3.70%"
"2020년 04월 29일","1,797.76","1,748.32","1,802.99","1,742.55","-","4.94%"
"2020년 04월 28일","1,713.21","1,760.88","1,764.94","1,712.28","-","-0.69%"
"2020년 04월 27일","1,725.04","1,720.18","1,740.14","1,715.75","-","1.32%"
"2020년 04월 24일","1,702.56","1,664.99","1,704.09","1,651.66","-","2.28%"
"2020년 04월 23일","1,664.67","1,679.14","1,700.21","1,661.45","-","-1.04%"
"2020년 04월 22일","1,682.12","1,641.38","1,690.07","1,630.12","-","5.88%"
"2020년 04월 21일","1,588.70","1,642.02","1,650.21","1,582.21","-","-4.73%"
"2020년 04월 20일","1,667.57","1,677.63","1,704.35","1,666.40","-","-2.23%"
"2020년 04월 17일","1,705.64","1,723.99","1,724.76","1,684.71","-","0.87%"
"2020년 04월 16일","1,690.87","1,677.04","1,696.25","1,654.21","-","2.61%"
"2020년 04월 15일","1,647.91","1,652.89","1,657.63","1,631.10","-","-2.82%"
"2020년 04월 14일","1,695.76","1,662.35","1,696.92","1,658.01","-","4.44%"
"2020년 04월 13일","1,623.68","1,591.26","1,626.29","1,585.70","-","1.37%"
"2020년 04월 09일","1,601.73","1,660.38","1,673.65","1,587.91","-","-2.33%"
"2020년 04월 08일","1,639.89","1,608.76","1,645.01","1,590.51","-","3.44%"
"2020년 04월 07일","1,585.38","1,647.92","1,648.41","1,582.69","-","-0.47%"
"2020년 04월 06일","1,592.88","1,514.10","1,598.67","1,508.74","-","10.38%"
"2020년 04월 03일","1,443.04","1,472.24","1,487.17","1,425.09","-","-2.14%"
"2020년 04월 02일","1,474.61","1,416.56","1,476.67","1,416.56","-","3.28%"
"2020년 04월 01일","1,427.73","1,455.04","1,497.99","1,414.26","-","-5.49%"
"2020년 03월 31일","1,510.59","1,542.92","1,568.05","1,499.76","-","-2.25%"
"2020년 03월 30일","1,545.31","1,506.46","1,547.08","1,496.04","-","3.80%"
"2020년 03월 27일","1,488.75","1,512.76","1,541.49","1,485.34","-","-5.33%"
"2020년 03월 26일","1,572.61","1,499.75","1,574.62","1,492.85","-","6.79%"
"2020년 03월 25일","1,472.57","1,495.36","1,550.83","1,448.89","-","-1.29%"
"2020년 03월 24일","1,491.83","1,434.06","1,492.82","1,425.27","-","11.15%"
"2020년 03월 23일","1,342.12","1,315.20","1,366.32","1,280.75","-","3.36%"
"2020년 03월 20일","1,298.54","1,375.01","1,408.99","1,296.44","-","-3.18%"
"2020년 03월 19일","1,341.22","1,281.98","1,378.33","1,253.40","-","4.23%"
"2020년 03월 18일","1,286.84","1,317.88","1,373.91","1,233.97","-","-9.79%"
"2020년 03월 17일","1,426.52","1,332.90","1,434.31","1,282.69","-","9.84%"
"2020년 03월 16일","1,298.78","1,433.57","1,446.80","1,297.14","-","-15.90%"
"2020년 03월 13일","1,544.26","1,481.16","1,544.76","1,392.45","-","10.93%"
"2020년 03월 12일","1,392.11","1,444.61","1,513.65","1,388.99","-","-10.91%"
"2020년 03월 11일","1,562.54","1,607.38","1,625.40","1,545.71","-","-5.67%"
"2020년 03월 10일","1,656.50","1,612.67","1,656.87","1,559.91","-","6.31%"
"2020년 03월 09일","1,558.16","1,560.74","1,637.92","1,555.45","-","-8.34%"
"2020년 03월 06일","1,699.89","1,685.51","1,713.29","1,657.67","-","-1.97%"
"2020년 03월 05일","1,734.03","1,742.38","1,780.00","1,721.55","-","-3.10%"
"2020년 03월 04일","1,789.57","1,737.27","1,789.70","1,715.84","-","4.94%"
"2020년 03월 03일","1,705.26","1,768.14","1,797.01","1,692.10","-","-3.41%"
"2020년 03월 02일","1,765.38","1,727.61","1,766.38","1,680.93","-","3.51%"
"2020년 02월 28일","1,705.54","1,605.94","1,716.16","1,605.94","-","2.21%"
"2020년 02월 27일","1,668.65","1,692.60","1,731.02","1,664.91","-","-4.65%"
"2020년 02월 26일","1,749.95","1,761.45","1,787.75","1,739.04","-","0.22%"
"2020년 02월 25일","1,746.11","1,824.68","1,826.33","1,737.28","-","-3.06%"
"2020년 02월 24일","1,801.23","1,793.07","1,827.86","1,788.44","-","-4.75%"
"2020년 02월 21일","1,891.05","1,936.85","1,938.41","1,883.92","-","-2.99%"
"2020년 02월 20일","1,949.25","1,970.55","1,977.19","1,919.91","-","-1.53%"
"2020년 02월 19일","1,979.50","1,956.59","1,982.09","1,956.59","-","2.61%"
"2020년 02월 18일","1,929.12","1,920.18","1,932.80","1,916.40","-","-1.40%"
"2020년 02월 14일","1,956.56","1,978.08","1,983.71","1,945.67","-","-0.19%"
"2020년 02월 13일","1,960.34","1,942.96","1,974.58","1,942.81","-","0.08%"
"2020년 02월 12일","1,958.82","1,951.63","1,962.04","1,950.10","-","1.44%"
"2020년 02월 11일","1,931.08","1,911.32","1,940.72","1,911.32","-","2.02%"
"2020년 02월 10일","1,892.80","1,849.99","1,892.97","1,849.99","-","1.53%"
"2020년 02월 07일","1,864.36","1,889.95","1,891.24","1,863.58","-","-2.37%"
"2020년 02월 06일","1,909.64","1,909.90","1,911.59","1,887.03","-","0.01%"
"2020년 02월 05일","1,909.52","1,907.18","1,913.96","1,882.72","-","2.19%"
"2020년 02월 04일","1,868.65","1,859.89","1,870.18","1,849.83","-","3.12%"
"2020년 02월 03일","1,812.18","1,794.71","1,814.94","1,794.30","-","1.24%"
"2020년 01월 31일","1,789.93","1,840.29","1,840.52","1,782.19","-","-3.55%"
"2020년 01월 30일","1,855.80","1,844.32","1,861.81","1,820.37","-","-0.16%"
"2020년 01월 29일","1,858.70","1,886.78","1,890.88","1,857.31","-","-1.83%"
"2020년 01월 28일","1,893.27","1,871.08","1,899.48","1,859.93","-","2.40%"
"2020년 01월 27일","1,848.86","1,863.18","1,872.88","1,846.56","-","-3.91%"
"2020년 01월 24일","1,924.03","1,973.12","1,974.99","1,910.19","-","-1.10%"
"2020년 01월 23일","1,945.37","1,934.43","1,945.90","1,918.44","-","0.78%"
"2020년 01월 22일","1,930.23","1,930.64","1,950.62","1,924.88","-","0.80%"
"2020년 01월 21일","1,915.00","1,909.48","1,922.80","1,908.43","-","-0.08%"
"2020년 01월 17일","1,916.62","1,913.14","1,917.57","1,902.24","-","0.67%"
"2020년 01월 16일","1,903.93","1,888.66","1,903.94","1,886.82","-","1.70%"
"2020년 01월 15일","1,872.16","1,889.54","1,890.14","1,865.89","-","-1.19%"
"2020년 01월 14일","1,894.64","1,891.98","1,909.14","1,884.09","-","0.20%"
"2020년 01월 13일","1,890.79","1,879.90","1,892.38","1,873.71","-","1.31%"
"2020년 01월 10일","1,866.35","1,886.79","1,887.87","1,862.13","-","-0.66%"
"2020년 01월 09일","1,878.73","1,887.19","1,891.06","1,860.56","-","0.60%"
"2020년 01월 08일","1,867.59","1,866.82","1,878.96","1,858.51","-","0.02%"
"2020년 01월 07일","1,867.28","1,852.73","1,875.61","1,845.50","-","1.78%"
"2020년 01월 06일","1,834.68","1,825.59","1,840.19","1,821.86","-","-1.04%"
"2020년 01월 03일","1,853.98","1,850.82","1,869.72","1,848.65","-","-1.80%"
"2020년 01월 02일","1,887.91","1,875.34","1,888.14","1,864.93","-","2.07%"
"2019년 12월 31일","1,849.62","1,836.18","1,851.06","1,835.29","-","0.28%"
"2019년 12월 30일","1,844.39","1,856.63","1,856.67","1,832.08","-","-0.76%"
"2019년 12월 27일","1,858.59","1,870.62","1,871.21","1,853.92","-","-0.32%"
"2019년 12월 26일","1,864.49","1,865.42","1,867.40","1,857.27","-","0.12%"
"2019년 12월 24일","1,862.20","1,859.96","1,862.62","1,851.59","-","0.27%"
"2019년 12월 23일","1,857.12","1,862.31","1,865.11","1,855.91","-","0.18%"
"2019년 12월 20일","1,853.87","1,837.79","1,856.41","1,837.67","-","1.03%"
"2019년 12월 19일","1,834.97","1,827.77","1,835.26","1,819.65","-","0.81%"
"2019년 12월 18일","1,820.29","1,824.23","1,826.58","1,815.50","-","-0.09%"
"2019년 12월 17일","1,821.92","1,821.94","1,825.91","1,813.51","-","0.47%"
"2019년 12월 16일","1,813.31","1,817.64","1,830.13","1,813.09","-","0.96%"
"2019년 12월 13일","1,796.04","1,800.01","1,824.24","1,789.36","-","-0.60%"
"2019년 12월 12일","1,806.87","1,758.03","1,808.50","1,757.68","-","2.71%"
"2019년 12월 11일","1,759.20","1,726.89","1,760.39","1,726.87","-","2.23%"
"2019년 12월 10일","1,720.90","1,720.00","1,733.15","1,715.96","-","0.35%"
"2019년 12월 09일","1,714.98","1,724.74","1,729.06","1,714.75","-","-0.54%"
"2019년 12월 06일","1,724.21","1,717.82","1,728.21","1,717.26","-","1.56%"
"2019년 12월 05일","1,697.66","1,698.98","1,706.19","1,690.93","-","0.37%"
"2019년 12월 04일","1,691.45","1,687.34","1,697.31","1,685.28","-","1.55%"
"2019년 12월 03일","1,665.71","1,653.42","1,666.30","1,647.03","-","-1.54%"
"2019년 12월 02일","1,691.75","1,721.01","1,721.01","1,690.16","-","-1.46%"
"2019년 11월 29일","1,716.84","1,725.84","1,729.11","1,715.78","-","-1.10%"
"2019년 11월 27일","1,735.91","1,730.62","1,736.32","1,729.42","-","0.73%"
"2019년 11월 26일","1,723.26","1,728.26","1,729.33","1,716.39","-","-0.50%"
"2019년 11월 25일","1,731.95","1,706.56","1,732.34","1,706.56","-","2.43%"
"2019년 11월 22일","1,690.79","1,698.99","1,705.29","1,686.59","-","-0.00%"
"2019년 11월 21일","1,690.83","1,693.17","1,706.83","1,684.44","-","-1.13%"
"2019년 11월 20일","1,710.14","1,721.44","1,730.96","1,697.82","-","-1.18%"
"2019년 11월 19일","1,730.50","1,749.42","1,750.25","1,721.41","-","-0.48%"
"2019년 11월 18일","1,738.78","1,738.91","1,750.44","1,730.33","-","-0.24%"
"2019년 11월 15일","1,742.93","1,749.70","1,758.26","1,735.42","-","0.89%"
"2019년 11월 14일","1,727.59","1,724.30","1,729.52","1,715.28","-","-0.30%"
"2019년 11월 13일","1,732.86","1,718.25","1,737.94","1,714.90","-","0.03%"
"2019년 11월 12일","1,732.42","1,737.14","1,745.29","1,725.69","-","0.28%"
"2019년 11월 11일","1,727.59","1,722.30","1,731.02","1,714.81","-","-0.53%"
"2019년 11월 08일","1,736.78","1,717.80","1,736.90","1,710.96","-","0.53%"
"2019년 11월 07일","1,727.68","1,740.96","1,745.69","1,719.73","-","0.70%"
"2019년 11월 06일","1,715.67","1,721.46","1,722.20","1,699.49","-","-0.84%"
"2019년 11월 05일","1,730.15","1,729.93","1,742.96","1,723.99","-","0.19%"
"2019년 11월 04일","1,726.92","1,714.86","1,729.69","1,710.68","-","2.19%"
"2019년 11월 01일","1,689.93","1,667.29","1,690.04","1,661.72","-","2.34%"
"2019년 10월 31일","1,651.22","1,652.89","1,653.21","1,630.87","-","-0.62%"
"2019년 10월 30일","1,661.46","1,670.93","1,670.96","1,649.68","-","-0.06%"
"2019년 10월 29일","1,662.46","1,682.12","1,691.16","1,661.15","-","-0.90%"
"2019년 10월 28일","1,677.57","1,662.64","1,679.73","1,662.64","-","1.75%"
"2019년 10월 25일","1,648.67","1,624.67","1,650.20","1,624.59","-","2.05%"
"2019년 10월 24일","1,615.51","1,600.78","1,616.06","1,594.99","-","2.47%"
"2019년 10월 23일","1,576.58","1,576.29","1,590.77","1,566.46","-","-1.93%"
"2019년 10월 22일","1,607.60","1,622.59","1,626.43","1,607.00","-","-0.77%"
"2019년 10월 21일","1,620.04","1,606.13","1,620.83","1,601.03","-","1.88%"
"2019년 10월 18일","1,590.09","1,601.90","1,608.25","1,575.29","-","-1.06%"
"2019년 10월 17일","1,607.16","1,620.67","1,625.59","1,598.01","-","0.34%"
"2019년 10월 16일","1,601.79","1,613.72","1,624.96","1,599.04","-","-1.47%"
"2019년 10월 15일","1,625.69","1,600.72","1,629.53","1,598.50","-","2.22%"
"2019년 10월 14일","1,590.40","1,588.71","1,594.14","1,583.18","-","-0.05%"
"2019년 10월 11일","1,591.13","1,587.99","1,609.47","1,584.15","-","2.27%"
"2019년 10월 10일","1,555.79","1,546.04","1,571.40","1,545.11","-","0.97%"
"2019년 10월 09일","1,540.85","1,537.33","1,550.35","1,532.03","-","1.74%"
"2019년 10월 08일","1,514.45","1,545.27","1,546.80","1,514.22","-","-3.12%"
"2019년 10월 07일","1,563.17","1,572.69","1,579.16","1,562.83","-","-0.71%"
"2019년 10월 04일","1,574.39","1,555.84","1,575.12","1,551.73","-","1.85%"
"2019년 10월 03일","1,545.76","1,522.27","1,547.32","1,502.73","-","1.71%"
"2019년 10월 02일","1,519.77","1,529.20","1,534.66","1,510.53","-","-1.58%"
"2019년 10월 01일","1,544.20","1,572.15","1,587.97","1,538.96","-","-0.93%"
"2019년 09월 30일","1,558.75","1,550.59","1,560.24","1,543.55","-","1.03%"
"2019년 09월 27일","1,542.87","1,568.13","1,575.18","1,531.71","-","-2.36%"
"2019년 09월 26일","1,580.10","1,580.42","1,585.38","1,565.57","-","0.03%"
"2019년 09월 25일","1,579.56","1,542.50","1,584.16","1,532.41","-","1.78%"
"2019년 09월 24일","1,551.99","1,586.68","1,590.22","1,544.99","-","-1.65%"
"2019년 09월 23일","1,578.09","1,563.10","1,586.47","1,563.10","-","0.97%"
"2019년 09월 20일","1,563.00","1,591.85","1,592.19","1,556.97","-","-1.83%"
"2019년 09월 19일","1,592.07","1,605.13","1,608.31","1,590.49","-","-0.55%"
"2019년 09월 18일","1,600.95","1,598.25","1,601.45","1,578.86","-","0.08%"
"2019년 09월 17일","1,599.74","1,591.08","1,600.86","1,582.50","-","0.33%"
"2019년 09월 16일","1,594.49","1,586.58","1,601.93","1,580.96","-","-0.70%"
"2019년 09월 13일","1,605.65","1,610.65","1,613.77","1,598.21","-","-0.32%"
"2019년 09월 12일","1,610.79","1,615.98","1,625.16","1,599.87","-","0.29%"
"2019년 09월 11일","1,606.19","1,587.62","1,606.24","1,580.22","-","1.46%"
"2019년 09월 10일","1,583.15","1,568.89","1,583.22","1,558.06","-","0.43%"
"2019년 09월 09일","1,576.39","1,578.69","1,588.81","1,569.72","-","0.51%"
"2019년 09월 06일","1,568.34","1,567.79","1,573.99","1,558.88","-","0.14%"
"2019년 09월 05일","1,566.21","1,552.77","1,583.74","1,552.77","-","3.07%"
"2019년 09월 04일","1,519.55","1,504.00","1,519.70","1,503.49","-","2.79%"
"2019년 09월 03일","1,478.32","1,490.72","1,493.13","1,470.36","-","-1.77%"
"2019년 08월 30일","1,504.92","1,510.98","1,517.34","1,497.09","-","0.61%"
"2019년 08월 29일","1,495.82","1,487.98","1,505.38","1,487.98","-","2.25%"
"2019년 08월 28일","1,462.85","1,446.92","1,464.78","1,437.40","-","0.60%"
"2019년 08월 27일","1,454.12","1,470.73","1,475.44","1,445.85","-","-0.33%"
"2019년 08월 26일","1,458.88","1,467.68","1,469.40","1,452.99","-","0.86%"
"2019년 08월 23일","1,446.38","1,494.07","1,505.20","1,441.97","-","-4.36%"
"2019년 08월 22일","1,512.25","1,515.78","1,520.20","1,497.04","-","-0.03%"
"2019년 08월 21일","1,512.72","1,512.60","1,519.35","1,505.97","-","0.92%"
"2019년 08월 20일","1,498.90","1,502.57","1,509.44","1,491.14","-","-0.54%"
"2019년 08월 19일","1,506.99","1,513.12","1,519.30","1,499.49","-","1.88%"
"2019년 08월 16일","1,479.25","1,454.69","1,482.69","1,454.69","-","2.78%"
"2019년 08월 15일","1,439.29","1,448.54","1,452.67","1,427.23","-","-0.23%"
"2019년 08월 14일","1,442.54","1,452.28","1,465.95","1,435.50","-","-3.16%"
"2019년 08월 13일","1,489.66","1,446.98","1,501.20","1,436.80","-","2.95%"
"2019년 08월 12일","1,446.98","1,453.29","1,464.22","1,439.99","-","-1.19%"
"2019년 08월 09일","1,464.34","1,476.53","1,481.33","1,455.20","-","-1.81%"
"2019년 08월 08일","1,491.26","1,464.45","1,491.57","1,455.32","-","2.70%"
"2019년 08월 07일","1,452.12","1,424.88","1,455.53","1,423.61","-","0.72%"
"2019년 08월 06일","1,441.77","1,448.71","1,459.72","1,425.87","-","1.28%"
"2019년 08월 05일","1,423.52","1,443.24","1,446.01","1,411.73","-","-4.36%"
"2019년 08월 02일","1,488.43","1,494.52","1,508.61","1,476.41","-","-1.56%"
"2019년 08월 01일","1,511.98","1,539.06","1,579.49","1,498.89","-","-1.97%"
"2019년 07월 31일","1,542.44","1,581.95","1,583.90","1,527.38","-","-3.22%"
"2019년 07월 30일","1,593.82","1,579.10","1,597.89","1,578.15","-","-0.26%"
"2019년 07월 29일","1,598.02","1,592.35","1,600.53","1,578.21","-","0.26%"
"2019년 07월 26일","1,593.86","1,604.24","1,605.74","1,593.50","-","-0.02%"
"2019년 07월 25일","1,594.12","1,606.64","1,608.75","1,590.36","-","-1.72%"
"2019년 07월 24일","1,622.02","1,589.41","1,625.11","1,589.41","-","3.10%"
"2019년 07월 23일","1,573.27","1,562.26","1,573.41","1,556.18","-","1.23%"
"2019년 07월 22일","1,554.09","1,535.68","1,556.39","1,535.68","-","1.98%"
"2019년 07월 19일","1,523.91","1,530.07","1,538.87","1,523.42","-","-0.20%"
"2019년 07월 18일","1,526.97","1,504.78","1,530.00","1,504.51","-","1.54%"
"2019년 07월 17일","1,503.87","1,508.24","1,511.71","1,500.65","-","0.28%"
"2019년 07월 16일","1,499.64","1,506.67","1,508.47","1,492.58","-","-1.07%"
"2019년 07월 15일","1,515.92","1,512.57","1,521.63","1,508.03","-","0.77%"
"2019년 07월 12일","1,504.28","1,482.56","1,504.66","1,482.36","-","1.90%"
"2019년 07월 11일","1,476.28","1,476.75","1,481.65","1,467.35","-","0.32%"
"2019년 07월 10일","1,471.51","1,474.55","1,492.34","1,469.81","-","0.70%"
"2019년 07월 09일","1,461.21","1,440.43","1,462.81","1,440.11","-","0.74%"
"2019년 07월 08일","1,450.41","1,448.86","1,455.19","1,442.57","-","-0.77%"
"2019년 07월 05일","1,461.70","1,454.14","1,464.07","1,446.53","-","-0.60%"
"2019년 07월 03일","1,470.49","1,474.50","1,474.62","1,460.15","-","-0.43%"
"2019년 07월 02일","1,476.83","1,491.27","1,491.27","1,470.95","-","-1.38%"
"2019년 07월 01일","1,497.55","1,524.14","1,531.37","1,486.31","-","2.65%"
"2019년 06월 28일","1,458.96","1,469.49","1,471.85","1,455.97","-","0.14%"
"2019년 06월 27일","1,456.90","1,447.78","1,464.85","1,446.17","-","1.47%"
"2019년 06월 26일","1,435.83","1,420.01","1,444.15","1,419.92","-","3.21%"
"2019년 06월 25일","1,391.12","1,413.75","1,420.34","1,390.33","-","-1.48%"
"2019년 06월 24일","1,412.08","1,412.74","1,417.97","1,407.69","-","0.11%"
"2019년 06월 21일","1,410.50","1,414.26","1,424.84","1,408.79","-","-0.74%"
"2019년 06월 20일","1,421.03","1,439.86","1,441.39","1,413.82","-","0.98%"
"2019년 06월 19일","1,407.30","1,414.52","1,416.92","1,400.31","-","0.08%"
"2019년 06월 18일","1,406.16","1,364.82","1,415.43","1,362.26","-","4.33%"
"2019년 06월 17일","1,347.86","1,357.33","1,361.87","1,346.90","-","-0.64%"
"2019년 06월 14일","1,356.55","1,351.17","1,363.22","1,347.99","-","-2.61%"
"2019년 06월 13일","1,392.94","1,392.85","1,398.31","1,382.65","-","0.58%"
"2019년 06월 12일","1,384.95","1,404.71","1,405.31","1,383.66","-","-2.33%"
"2019년 06월 11일","1,418.02","1,438.96","1,440.80","1,408.38","-","0.29%"
"2019년 06월 10일","1,413.89","1,399.13","1,430.42","1,398.91","-","2.54%"
"2019년 06월 07일","1,378.81","1,369.62","1,382.63","1,365.71","-","1.15%"
"2019년 06월 06일","1,363.13","1,348.06","1,368.71","1,342.65","-","1.34%"
"2019년 06월 05일","1,345.10","1,365.31","1,369.53","1,328.20","-","-0.75%"
"2019년 06월 04일","1,355.26","1,323.13","1,356.26","1,312.73","-","4.21%"
"2019년 06월 03일","1,300.52","1,313.32","1,324.80","1,293.11","-","0.33%"
"2019년 05월 31일","1,296.18","1,298.12","1,317.45","1,295.17","-","-1.45%"
"2019년 05월 30일","1,315.29","1,309.97","1,325.78","1,305.29","-","0.74%"
"2019년 05월 29일","1,305.57","1,288.50","1,311.36","1,286.99","-","0.41%"
"2019년 05월 28일","1,300.30","1,317.88","1,323.76","1,298.09","-","-0.89%"
"2019년 05월 24일","1,311.97","1,334.22","1,339.43","1,310.91","-","-0.82%"
"2019년 05월 23일","1,322.84","1,316.35","1,324.46","1,302.13","-","-1.65%"
"2019년 05월 22일","1,345.04","1,345.06","1,359.16","1,341.11","-","-2.12%"
"2019년 05월 21일","1,374.21","1,375.49","1,380.57","1,362.96","-","2.13%"
"2019년 05월 20일","1,345.58","1,355.91","1,367.71","1,337.15","-","-4.02%"
"2019년 05월 17일","1,402.01","1,408.06","1,436.15","1,396.80","-","-1.96%"
"2019년 05월 16일","1,430.11","1,431.96","1,446.18","1,421.67","-","-1.68%"
"2019년 05월 15일","1,454.50","1,428.48","1,464.13","1,427.45","-","0.81%"
"2019년 05월 14일","1,442.83","1,423.55","1,449.99","1,420.73","-","2.40%"
"2019년 05월 13일","1,408.95","1,431.14","1,438.48","1,403.35","-","-4.73%"
"2019년 05월 10일","1,478.87","1,469.07","1,487.33","1,444.14","-","0.14%"
"2019년 05월 09일","1,476.80","1,466.59","1,483.76","1,443.98","-","-1.18%"
"2019년 05월 08일","1,494.48","1,494.86","1,517.18","1,491.82","-","-0.79%"
"2019년 05월 07일","1,506.32","1,522.40","1,527.28","1,489.97","-","-2.42%"
"2019년 05월 06일","1,543.73","1,514.08","1,545.34","1,513.20","-","-1.72%"
"2019년 05월 03일","1,570.70","1,564.50","1,571.43","1,552.96","-","0.65%"
"2019년 05월 02일","1,560.61","1,542.43","1,576.67","1,540.69","-","1.11%"
"2019년 05월 01일","1,543.48","1,570.36","1,579.19","1,543.30","-","-0.82%"
"2019년 04월 30일","1,556.18","1,547.29","1,559.53","1,541.82","-","0.76%"
"2019년 04월 29일","1,544.44","1,546.44","1,551.14","1,538.20","-","-0.19%"
"2019년 04월 26일","1,547.40","1,530.02","1,547.63","1,515.49","-","-0.83%"
"2019년 04월 25일","1,560.32","1,582.35","1,583.73","1,547.26","-","-1.81%"
"2019년 04월 24일","1,589.02","1,575.55","1,604.57","1,575.38","-","0.95%"
"2019년 04월 23일","1,574.05","1,562.28","1,579.03","1,561.37","-","1.01%"
"2019년 04월 22일","1,558.29","1,553.19","1,561.84","1,547.42","-","0.01%"
"2019년 04월 18일","1,558.13","1,557.42","1,562.64","1,550.88","-","0.07%"
"2019년 04월 17일","1,557.08","1,566.77","1,576.79","1,545.86","-","1.56%"
"2019년 04월 16일","1,533.22","1,495.60","1,533.61","1,495.23","-","3.19%"
"2019년 04월 15일","1,485.82","1,496.95","1,498.10","1,477.45","-","-0.75%"
"2019년 04월 12일","1,497.12","1,490.43","1,497.13","1,484.96","-","1.43%"
"2019년 04월 11일","1,476.07","1,478.33","1,486.02","1,471.61","-","-0.07%"
"2019년 04월 10일","1,477.16","1,465.23","1,481.30","1,463.64","-","0.86%"
"2019년 04월 09일","1,464.52","1,472.24","1,472.24","1,458.26","-","-1.14%"
"2019년 04월 08일","1,481.38","1,472.33","1,482.48","1,468.12","-","0.25%"
"2019년 04월 05일","1,477.65","1,475.14","1,478.10","1,467.02","-","0.80%"
"2019년 04월 04일","1,465.89","1,460.02","1,475.27","1,458.90","-","0.12%"
"2019년 04월 03일","1,464.19","1,451.65","1,476.61","1,450.60","-","2.27%"
"2019년 04월 02일","1,431.63","1,431.55","1,434.85","1,423.22","-","0.10%"
"2019년 04월 01일","1,430.24","1,417.66","1,431.55","1,410.52","-","2.49%"
"2019년 03월 29일","1,395.51","1,392.08","1,398.05","1,386.89","-","1.58%"
"2019년 03월 28일","1,373.80","1,380.17","1,391.14","1,365.16","-","-0.19%"
"2019년 03월 27일","1,376.48","1,398.52","1,402.08","1,366.69","-","-1.45%"
"2019년 03월 26일","1,396.75","1,399.85","1,408.74","1,386.32","-","1.01%"
"2019년 03월 25일","1,382.75","1,388.39","1,403.03","1,371.91","-","-1.26%"
"2019년 03월 22일","1,400.37","1,433.21","1,437.63","1,399.73","-","-2.88%"
"2019년 03월 21일","1,441.83","1,399.52","1,450.76","1,399.52","-","3.50%"
"2019년 03월 20일","1,393.01","1,410.12","1,413.82","1,384.87","-","-1.02%"
"2019년 03월 19일","1,407.35","1,398.55","1,411.68","1,398.55","-","1.34%"
"2019년 03월 18일","1,388.77","1,392.66","1,401.72","1,380.88","-","-0.26%"
"2019년 03월 15일","1,392.36","1,373.76","1,402.45","1,371.22","-","2.90%"
"2019년 03월 14일","1,353.06","1,362.22","1,367.08","1,352.57","-","-0.57%"
"2019년 03월 13일","1,360.77","1,362.75","1,371.33","1,358.83","-","0.42%"
"2019년 03월 12일","1,355.12","1,354.23","1,362.13","1,342.63","-","0.39%"
"2019년 03월 11일","1,349.88","1,325.95","1,355.81","1,324.48","-","2.40%"
"2019년 03월 08일","1,318.21","1,297.24","1,319.33","1,292.76","-","-0.07%"
"2019년 03월 07일","1,319.09","1,326.92","1,328.60","1,311.40","-","-1.10%"
"2019년 03월 06일","1,333.82","1,354.81","1,355.19","1,333.33","-","-1.70%"
"2019년 03월 05일","1,356.90","1,361.19","1,365.34","1,351.77","-","-0.47%"
"2019년 03월 04일","1,363.25","1,372.71","1,376.23","1,346.45","-","0.01%"
"2019년 03월 01일","1,363.13","1,365.62","1,368.84","1,348.73","-","0.96%"
"2019년 02월 28일","1,350.20","1,342.43","1,354.26","1,339.93","-","0.02%"
"2019년 02월 27일","1,349.87","1,358.90","1,359.15","1,336.09","-","-1.22%"
"2019년 02월 26일","1,366.58","1,371.88","1,377.19","1,362.89","-","-0.68%"
"2019년 02월 25일","1,375.95","1,384.71","1,391.44","1,374.68","-","0.82%"
"2019년 02월 22일","1,364.78","1,361.10","1,366.12","1,355.36","-","1.08%"
"2019년 02월 21일","1,350.25","1,359.47","1,363.29","1,346.24","-","-0.74%"
"2019년 02월 20일","1,360.28","1,353.50","1,368.34","1,353.30","-","0.87%"
"2019년 02월 19일","1,348.49","1,345.99","1,357.75","1,345.78","-","-0.20%"
"2019년 02월 15일","1,351.18","1,355.41","1,358.07","1,343.03","-","0.53%"
"2019년 02월 14일","1,344.11","1,336.01","1,353.49","1,334.45","-","0.25%"
"2019년 02월 13일","1,340.71","1,342.30","1,350.68","1,336.34","-","0.30%"
"2019년 02월 12일","1,336.72","1,324.91","1,339.25","1,322.90","-","2.13%"
"2019년 02월 11일","1,308.88","1,307.29","1,311.66","1,297.52","-","0.50%"
"2019년 02월 08일","1,302.42","1,284.35","1,304.53","1,279.67","-","-0.12%"
"2019년 02월 07일","1,303.92","1,314.49","1,322.54","1,293.10","-","-2.24%"
"2019년 02월 06일","1,333.76","1,321.29","1,343.71","1,321.29","-","2.59%"
"2019년 02월 05일","1,300.13","1,291.70","1,305.00","1,291.14","-","0.48%"
"2019년 02월 04일","1,293.88","1,285.35","1,293.91","1,276.82","-","0.50%"
"2019년 02월 01일","1,287.40","1,275.88","1,292.71","1,274.69","-","1.20%"
"2019년 01월 31일","1,272.09","1,266.73","1,282.69","1,260.34","-","0.03%"
"2019년 01월 30일","1,271.76","1,254.95","1,276.46","1,244.20","-","2.87%"
"2019년 01월 29일","1,236.25","1,255.95","1,258.82","1,234.91","-","-1.45%"
"2019년 01월 28일","1,254.40","1,234.44","1,264.83","1,230.69","-","-2.09%"
"2019년 01월 25일","1,281.16","1,260.52","1,285.38","1,250.37","-","2.17%"
"2019년 01월 24일","1,253.91","1,218.46","1,258.72","1,218.02","-","5.73%"
"2019년 01월 23일","1,185.95","1,200.32","1,205.35","1,174.96","-","-0.62%"
"2019년 01월 22일","1,193.36","1,217.07","1,217.69","1,185.05","-","-2.85%"
"2019년 01월 18일","1,228.33","1,210.70","1,236.13","1,206.57","-","2.30%"
"2019년 01월 17일","1,200.76","1,177.69","1,206.83","1,172.31","-","1.14%"
"2019년 01월 16일","1,187.19","1,197.61","1,206.76","1,186.37","-","-0.82%"
"2019년 01월 15일","1,197.03","1,202.22","1,210.84","1,191.97","-","0.23%"
"2019년 01월 14일","1,194.28","1,196.04","1,202.17","1,187.98","-","-1.55%"
"2019년 01월 11일","1,213.04","1,194.65","1,224.02","1,192.05","-","0.97%"
"2019년 01월 10일","1,201.40","1,181.26","1,202.96","1,178.73","-","0.97%"
"2019년 01월 09일","1,189.84","1,175.03","1,195.63","1,174.67","-","2.52%"
"2019년 01월 08일","1,160.55","1,177.76","1,177.82","1,145.38","-","-0.49%"
"2019년 01월 07일","1,166.24","1,147.22","1,176.75","1,143.24","-","1.95%"
"2019년 01월 04일","1,143.96","1,114.48","1,148.45","1,111.79","-","4.37%"
"2019년 01월 03일","1,096.03","1,136.96","1,142.92","1,094.59","-","-5.94%"
"2019년 01월 02일","1,165.30","1,131.47","1,173.52","1,131.44","-","0.88%"
"2018년 12월 31일","1,155.17","1,160.17","1,164.37","1,143.60","-","0.68%"
"2018년 12월 28일","1,147.37","1,144.78","1,168.31","1,137.84","-","0.69%"
"2018년 12월 27일","1,139.49","1,112.08","1,140.00","1,101.08","-","0.74%"
"2018년 12월 26일","1,131.10","1,082.15","1,131.30","1,066.39","-","5.77%"
"2018년 12월 24일","1,069.39","1,091.62","1,103.19","1,068.92","-","-2.90%"
"2018년 12월 21일","1,101.29","1,135.51","1,138.56","1,097.21","-","-1.47%"
"2018년 12월 20일","1,117.74","1,131.54","1,144.83","1,104.37","-","-0.86%"
"2018년 12월 19일","1,127.44","1,167.59","1,183.32","1,122.18","-","-4.24%"
"2018년 12월 18일","1,177.36","1,173.61","1,195.59","1,171.68","-","1.28%"
"2018년 12월 17일","1,162.46","1,175.55","1,193.96","1,155.78","-","-1.28%"
"2018년 12월 14일","1,177.57","1,179.87","1,201.75","1,177.27","-","-1.42%"
"2018년 12월 13일","1,194.59","1,208.00","1,211.93","1,190.13","-","-0.36%"
"2018년 12월 12일","1,198.90","1,203.64","1,216.01","1,190.40","-","1.47%"
"2018년 12월 11일","1,181.48","1,200.27","1,208.99","1,174.58","-","0.62%"
"2018년 12월 10일","1,174.19","1,157.59","1,178.73","1,152.18","-","1.41%"
"2018년 12월 07일","1,157.86","1,200.05","1,202.96","1,152.34","-","-3.74%"
"2018년 12월 06일","1,202.83","1,178.01","1,202.88","1,170.53","-","-0.54%"
"2018년 12월 04일","1,209.35","1,263.24","1,263.66","1,208.54","-","-4.98%"
"2018년 12월 03일","1,272.74","1,278.74","1,281.35","1,259.42","-","2.67%"
"2018년 11월 30일","1,239.60","1,220.52","1,239.63","1,210.16","-","1.49%"
"2018년 11월 29일","1,221.43","1,226.42","1,233.86","1,219.14","-","-0.81%"
"2018년 11월 28일","1,231.45","1,214.41","1,231.74","1,192.97","-","2.27%"
"2018년 11월 27일","1,204.08","1,193.12","1,213.55","1,189.46","-","0.20%"
"2018년 11월 26일","1,201.72","1,199.78","1,201.82","1,184.76","-","1.91%"
"2018년 11월 23일","1,179.24","1,168.86","1,189.84","1,168.86","-","-0.04%"
"2018년 11월 21일","1,179.73","1,191.60","1,196.51","1,179.45","-","0.42%"
"2018년 11월 20일","1,174.82","1,143.95","1,190.39","1,143.94","-","0.15%"
"2018년 11월 19일","1,173.01","1,213.43","1,217.54","1,172.36","-","-3.86%"
"2018년 11월 16일","1,220.14","1,194.95","1,225.82","1,193.56","-","-1.17%"
"2018년 11월 15일","1,234.62","1,189.64","1,239.71","1,189.32","-","3.34%"
"2018년 11월 14일","1,194.71","1,205.30","1,212.77","1,183.92","-","0.36%"
"2018년 11월 13일","1,190.37","1,186.53","1,213.92","1,184.71","-","1.35%"
"2018년 11월 12일","1,174.49","1,207.08","1,208.24","1,170.46","-","-4.44%"
"2018년 11월 09일","1,229.05","1,235.65","1,239.05","1,218.21","-","-1.85%"
"2018년 11월 08일","1,252.23","1,241.32","1,260.91","1,240.49","-","-0.42%"
"2018년 11월 07일","1,257.47","1,255.14","1,260.69","1,242.55","-","1.19%"
"2018년 11월 06일","1,242.63","1,226.35","1,246.81","1,226.31","-","1.14%"
"2018년 11월 05일","1,228.60","1,233.96","1,235.28","1,208.37","-","-0.85%"
"2018년 11월 02일","1,239.16","1,257.10","1,260.70","1,224.78","-","-1.50%"
"2018년 11월 01일","1,258.08","1,210.60","1,261.53","1,210.37","-","4.64%"
"2018년 10월 31일","1,202.30","1,205.58","1,211.71","1,191.89","-","1.24%"
"2018년 10월 30일","1,187.57","1,141.72","1,188.74","1,140.36","-","4.16%"
"2018년 10월 29일","1,140.15","1,175.93","1,181.29","1,119.37","-","-1.11%"
"2018년 10월 26일","1,153.00","1,145.09","1,172.64","1,134.18","-","-1.72%"
"2018년 10월 25일","1,173.21","1,151.24","1,182.11","1,151.22","-","2.34%"
"2018년 10월 24일","1,146.41","1,204.74","1,207.33","1,144.73","-","-6.61%"
"2018년 10월 23일","1,227.61","1,197.97","1,234.37","1,189.13","-","-0.53%"
"2018년 10월 22일","1,234.20","1,236.37","1,241.49","1,223.39","-","0.67%"
"2018년 10월 19일","1,225.94","1,253.89","1,260.22","1,221.75","-","-1.55%"
"2018년 10월 18일","1,245.30","1,271.66","1,271.66","1,241.02","-","-2.51%"
"2018년 10월 17일","1,277.31","1,292.50","1,295.05","1,268.80","-","-0.44%"
"2018년 10월 16일","1,282.95","1,255.59","1,284.27","1,255.00","-","3.31%"
"2018년 10월 15일","1,241.82","1,245.88","1,255.97","1,237.49","-","-0.94%"
"2018년 10월 12일","1,253.58","1,264.38","1,269.52","1,234.36","-","1.97%"
"2018년 10월 11일","1,229.36","1,244.84","1,266.54","1,220.49","-","-1.03%"
"2018년 10월 10일","1,242.10","1,278.80","1,282.76","1,241.45","-","-4.46%"
"2018년 10월 09일","1,300.15","1,299.08","1,305.88","1,291.76","-","-0.07%"
"2018년 10월 08일","1,301.00","1,306.31","1,317.09","1,289.92","-","-1.13%"
"2018년 10월 05일","1,315.84","1,346.63","1,348.92","1,303.89","-","-2.32%"
"2018년 10월 04일","1,347.16","1,362.82","1,363.74","1,336.07","-","-1.84%"
"2018년 10월 03일","1,372.40","1,378.77","1,381.17","1,359.72","-","0.11%"
"2018년 10월 02일","1,370.87","1,368.15","1,389.46","1,368.10","-","0.03%"
"2018년 10월 01일","1,370.44","1,370.93","1,382.05","1,367.31","-","0.27%"
"2018년 09월 28일","1,366.74","1,355.37","1,370.58","1,351.90","-","0.65%"
"2018년 09월 27일","1,357.87","1,356.63","1,362.55","1,352.84","-","0.45%"
"2018년 09월 26일","1,351.85","1,360.04","1,367.82","1,350.56","-","-0.95%"
"2018년 09월 25일","1,364.82","1,383.75","1,383.84","1,362.81","-","-1.70%"
"2018년 09월 24일","1,388.46","1,375.30","1,389.06","1,369.74","-","0.39%"
"2018년 09월 21일","1,383.09","1,386.38","1,394.10","1,380.26","-","-0.33%"
"2018년 09월 20일","1,387.67","1,381.05","1,392.80","1,381.01","-","1.17%"
"2018년 09월 19일","1,371.68","1,371.51","1,377.24","1,365.33","-","0.21%"
"2018년 09월 18일","1,368.87","1,363.66","1,377.04","1,363.52","-","0.84%"
"2018년 09월 17일","1,357.48","1,370.17","1,375.73","1,356.10","-","-1.44%"
"2018년 09월 14일","1,377.31","1,369.60","1,382.35","1,365.90","-","1.11%"
"2018년 09월 13일","1,362.20","1,364.68","1,378.80","1,356.49","-","1.20%"
"2018년 09월 12일","1,346.02","1,341.55","1,346.51","1,316.76","-","-1.17%"
"2018년 09월 11일","1,361.89","1,366.11","1,371.61","1,354.73","-","-1.01%"
"2018년 09월 10일","1,375.74","1,371.24","1,376.00","1,362.56","-","1.10%"
"2018년 09월 07일","1,360.77","1,361.56","1,380.89","1,357.81","-","-0.41%"
"2018년 09월 06일","1,366.35","1,398.11","1,399.59","1,365.32","-","-2.67%"
"2018년 09월 05일","1,403.82","1,411.49","1,413.55","1,392.21","-","-0.50%"
"2018년 09월 04일","1,410.93","1,395.75","1,411.65","1,391.20","-","0.69%"
"2018년 08월 31일","1,401.20","1,392.12","1,402.84","1,392.04","-","0.58%"
"2018년 08월 30일","1,393.17","1,402.72","1,407.65","1,391.37","-","-0.94%"
"2018년 08월 29일","1,406.38","1,399.31","1,410.13","1,397.36","-","0.24%"
"2018년 08월 28일","1,402.95","1,403.63","1,408.27","1,389.32","-","0.39%"
"2018년 08월 27일","1,397.46","1,386.63","1,407.72","1,383.64","-","1.57%"
"2018년 08월 24일","1,375.88","1,364.52","1,376.24","1,361.48","-","1.46%"
"2018년 08월 23일","1,356.13","1,354.86","1,365.80","1,353.14","-","0.12%"
"2018년 08월 22일","1,354.53","1,340.46","1,355.75","1,336.89","-","0.46%"
"2018년 08월 21일","1,348.28","1,326.82","1,351.39","1,326.06","-","1.98%"
"2018년 08월 20일","1,322.10","1,325.32","1,330.01","1,307.46","-","-0.10%"
"2018년 08월 17일","1,323.41","1,317.15","1,327.02","1,304.22","-","-0.73%"
"2018년 08월 16일","1,333.09","1,343.87","1,344.42","1,329.82","-","-0.13%"
"2018년 08월 15일","1,334.86","1,341.68","1,347.85","1,321.68","-","-1.43%"
"2018년 08월 14일","1,354.19","1,364.05","1,366.63","1,352.93","-","-0.19%"
"2018년 08월 13일","1,356.75","1,357.53","1,368.77","1,355.50","-","0.14%"
"2018년 08월 10일","1,354.80","1,360.34","1,366.48","1,348.62","-","-2.47%"
"2018년 08월 09일","1,389.06","1,397.55","1,397.92","1,388.95","-","-1.05%"
"2018년 08월 08일","1,403.77","1,399.41","1,406.04","1,395.01","-","0.27%"
"2018년 08월 07일","1,400.00","1,392.43","1,400.88","1,390.13","-","0.78%"
"2018년 08월 06일","1,389.22","1,376.18","1,389.32","1,371.09","-","0.55%"
"2018년 08월 03일","1,381.64","1,379.63","1,382.86","1,372.89","-","0.20%"
"2018년 08월 02일","1,378.83","1,348.73","1,380.68","1,348.13","-","1.01%"
"2018년 08월 01일","1,365.11","1,367.81","1,379.52","1,359.63","-","-0.17%"
"2018년 07월 31일","1,367.47","1,370.03","1,386.07","1,364.83","-","0.66%"
"2018년 07월 30일","1,358.56","1,374.29","1,375.02","1,351.90","-","-1.00%"
"2018년 07월 27일","1,372.24","1,384.39","1,391.57","1,362.60","-","-0.45%"
"2018년 07월 26일","1,378.42","1,368.27","1,379.32","1,363.68","-","1.87%"
"2018년 07월 25일","1,353.15","1,345.05","1,353.30","1,328.60","-","0.49%"
"2018년 07월 24일","1,346.58","1,368.39","1,377.02","1,345.05","-","-1.09%"
"2018년 07월 23일","1,361.38","1,352.10","1,363.66","1,335.10","-","0.16%"
"2018년 07월 20일","1,359.19","1,364.93","1,366.97","1,352.43","-","-0.49%"
"2018년 07월 19일","1,365.82","1,365.95","1,371.64","1,357.39","-","-0.27%"
"2018년 07월 18일","1,369.46","1,367.68","1,371.56","1,360.11","-","0.77%"
"2018년 07월 17일","1,358.99","1,329.08","1,359.28","1,328.84","-","1.47%"
"2018년 07월 16일","1,339.24","1,341.00","1,348.35","1,338.40","-","-0.12%"
"2018년 07월 13일","1,340.83","1,348.40","1,349.21","1,339.19","-","-0.40%"
"2018년 07월 12일","1,346.20","1,331.26","1,347.57","1,324.97","-","0.71%"
"2018년 07월 11일","1,336.71","1,351.47","1,358.07","1,336.06","-","-2.59%"
"2018년 07월 10일","1,372.25","1,360.32","1,375.33","1,359.80","-","1.05%"
"2018년 07월 09일","1,358.03","1,359.83","1,360.57","1,342.10","-","0.66%"
"2018년 07월 06일","1,349.19","1,330.97","1,351.31","1,325.85","-","1.22%"
"2018년 07월 05일","1,332.96","1,312.20","1,333.14","1,311.92","-","2.72%"
"2018년 07월 03일","1,297.71","1,326.58","1,327.31","1,296.50","-","-1.82%"
"2018년 07월 02일","1,321.81","1,297.89","1,322.35","1,293.78","-","0.62%"
"2018년 06월 29일","1,313.70","1,321.89","1,329.62","1,313.70","-","0.16%"
"2018년 06월 28일","1,311.64","1,298.52","1,313.95","1,295.72","-","0.86%"
"2018년 06월 27일","1,300.51","1,338.20","1,343.47","1,300.11","-","-2.47%"
"2018년 06월 26일","1,333.40","1,334.21","1,339.91","1,326.50","-","0.40%"
"2018년 06월 25일","1,328.04","1,347.52","1,348.29","1,311.28","-","-3.13%"
"2018년 06월 22일","1,371.00","1,388.72","1,389.13","1,367.79","-","-0.72%"
"2018년 06월 21일","1,381.01","1,408.35","1,408.85","1,379.37","-","-1.26%"
"2018년 06월 20일","1,398.60","1,400.56","1,405.37","1,392.51","-","0.50%"
"2018년 06월 19일","1,391.58","1,381.53","1,392.43","1,370.86","-","-1.16%"
"2018년 06월 18일","1,407.91","1,407.35","1,409.93","1,395.17","-","-0.99%"
"2018년 06월 15일","1,422.04","1,414.87","1,423.36","1,409.31","-","-0.08%"
"2018년 06월 14일","1,423.12","1,420.64","1,429.99","1,414.86","-","0.61%"
"2018년 06월 13일","1,414.48","1,416.71","1,429.54","1,413.33","-","-0.13%"
"2018년 06월 12일","1,416.37","1,412.42","1,417.46","1,404.18","-","0.52%"
"2018년 06월 11일","1,408.99","1,409.90","1,416.48","1,404.74","-","-0.23%"
"2018년 06월 08일","1,412.29","1,407.29","1,414.92","1,400.61","-","-0.85%"
"2018년 06월 07일","1,424.34","1,438.66","1,440.55","1,414.55","-","-0.95%"
"2018년 06월 06일","1,437.94","1,430.13","1,438.13","1,423.08","-","0.66%"
"2018년 06월 05일","1,428.51","1,427.58","1,432.26","1,420.09","-","0.41%"
"2018년 06월 04일","1,422.67","1,412.99","1,423.88","1,409.43","-","0.80%"
"2018년 06월 01일","1,411.31","1,391.53","1,411.43","1,387.67","-","2.34%"
"2018년 05월 31일","1,379.00","1,383.76","1,393.61","1,377.32","-","-0.78%"
"2018년 05월 30일","1,389.91","1,388.39","1,399.78","1,383.03","-","0.65%"
"2018년 05월 29일","1,380.92","1,383.13","1,392.72","1,371.38","-","-0.71%"
"2018년 05월 25일","1,390.84","1,379.00","1,392.08","1,377.51","-","0.88%"
"2018년 05월 24일","1,378.72","1,373.63","1,382.03","1,362.11","-","0.35%"
"2018년 05월 23일","1,373.95","1,352.76","1,374.12","1,350.38","-","0.51%"
"2018년 05월 22일","1,366.97","1,369.69","1,376.85","1,362.45","-","0.56%"
"2018년 05월 21일","1,359.34","1,365.42","1,372.65","1,347.10","-","1.05%"
"2018년 05월 18일","1,345.20","1,349.59","1,354.23","1,341.04","-","-1.44%"
"2018년 05월 17일","1,364.87","1,365.82","1,376.24","1,355.27","-","-0.38%"
"2018년 05월 16일","1,370.10","1,355.67","1,372.03","1,355.65","-","1.41%"
"2018년 05월 15일","1,351.10","1,359.13","1,361.40","1,342.26","-","-1.20%"
"2018년 05월 14일","1,367.50","1,367.83","1,382.69","1,364.35","-","1.26%"
"2018년 05월 11일","1,350.46","1,353.76","1,363.04","1,348.16","-","-0.75%"
"2018년 05월 10일","1,360.72","1,346.15","1,361.10","1,344.53","-","1.80%"
"2018년 05월 09일","1,336.68","1,320.54","1,336.98","1,317.74","-","1.42%"
"2018년 05월 08일","1,318.02","1,308.36","1,318.26","1,302.32","-","0.73%"
"2018년 05월 07일","1,308.48","1,303.30","1,314.50","1,301.87","-","0.91%"
"2018년 05월 04일","1,296.73","1,257.06","1,297.81","1,253.58","-","2.31%"
"2018년 05월 03일","1,267.44","1,248.95","1,272.55","1,240.30","-","0.64%"
"2018년 05월 02일","1,259.42","1,266.80","1,270.41","1,254.61","-","-0.52%"
"2018년 05월 01일","1,265.94","1,242.67","1,266.87","1,240.89","-","1.73%"
"2018년 04월 30일","1,244.40","1,260.02","1,265.74","1,239.78","-","-1.09%"
"2018년 04월 27일","1,258.11","1,284.36","1,285.01","1,252.28","-","-0.80%"
"2018년 04월 26일","1,268.21","1,263.87","1,268.96","1,254.46","-","2.09%"
"2018년 04월 25일","1,242.19","1,249.99","1,253.69","1,223.09","-","-0.12%"
"2018년 04월 24일","1,243.67","1,266.72","1,276.31","1,232.90","-","-0.82%"
"2018년 04월 23일","1,253.98","1,275.93","1,278.45","1,251.22","-","-1.33%"
"2018년 04월 20일","1,270.83","1,285.26","1,291.83","1,265.42","-","-1.17%"
"2018년 04월 19일","1,285.88","1,313.83","1,319.24","1,281.40","-","-4.31%"
"2018년 04월 18일","1,343.78","1,346.25","1,351.58","1,331.95","-","-1.03%"
"2018년 04월 17일","1,357.72","1,342.61","1,360.62","1,340.66","-","1.89%"
"2018년 04월 16일","1,332.52","1,336.62","1,339.63","1,321.16","-","0.23%"
"2018년 04월 13일","1,329.40","1,355.00","1,355.00","1,325.07","-","-0.77%"
"2018년 04월 12일","1,339.66","1,325.86","1,343.20","1,324.09","-","1.87%"
"2018년 04월 11일","1,315.06","1,306.29","1,326.23","1,304.41","-","0.04%"
"2018년 04월 10일","1,314.54","1,305.91","1,321.99","1,295.32","-","3.20%"
"2018년 04월 09일","1,273.80","1,276.46","1,310.33","1,272.91","-","0.68%"
"2018년 04월 06일","1,265.25","1,285.19","1,301.68","1,260.47","-","-3.06%"
"2018년 04월 05일","1,305.24","1,325.63","1,329.34","1,296.56","-","-1.04%"
"2018년 04월 04일","1,319.01","1,266.06","1,321.96","1,266.06","-","1.30%"
"2018년 04월 03일","1,302.09","1,292.75","1,305.14","1,279.44","-","1.96%"
"2018년 04월 02일","1,277.01","1,316.76","1,326.09","1,265.25","-","-3.90%"
"2018년 03월 29일","1,328.90","1,312.31","1,340.66","1,300.08","-","2.24%"
"2018년 03월 28일","1,299.82","1,319.79","1,331.80","1,294.31","-","-2.12%"
"2018년 03월 27일","1,327.94","1,390.11","1,391.01","1,317.96","-","-3.78%"
"2018년 03월 26일","1,380.10","1,354.30","1,380.14","1,338.75","-","4.24%"
"2018년 03월 23일","1,323.92","1,365.82","1,370.29","1,323.92","-","-3.29%"
"2018년 03월 22일","1,368.98","1,386.07","1,399.63","1,368.50","-","-2.77%"
"2018년 03월 21일","1,407.98","1,403.42","1,425.07","1,401.47","-","0.18%"
"2018년 03월 20일","1,405.50","1,397.63","1,409.70","1,396.05","-","0.77%"
"2018년 03월 19일","1,394.82","1,409.43","1,414.50","1,375.38","-","-1.95%"
"2018년 03월 16일","1,422.54","1,427.20","1,430.57","1,419.93","-","0.03%"
"2018년 03월 15일","1,422.07","1,428.51","1,431.96","1,415.57","-","-0.10%"
"2018년 03월 14일","1,423.50","1,429.91","1,430.27","1,410.60","-","0.00%"
"2018년 03월 13일","1,423.46","1,454.75","1,464.61","1,417.46","-","-1.55%"
"2018년 03월 12일","1,445.90","1,441.41","1,453.50","1,437.08","-","1.03%"
"2018년 03월 09일","1,431.16","1,411.36","1,431.39","1,410.67","-","2.08%"
"2018년 03월 08일","1,402.05","1,408.15","1,409.25","1,393.86","-","0.11%"
"2018년 03월 07일","1,400.47","1,382.82","1,402.34","1,382.82","-","0.29%"
"2018년 03월 06일","1,396.47","1,386.29","1,399.99","1,381.51","-","1.50%"
"2018년 03월 05일","1,375.86","1,354.33","1,382.46","1,349.91","-","0.89%"
"2018년 03월 02일","1,363.78","1,324.55","1,365.66","1,322.60","-","1.76%"
"2018년 03월 01일","1,340.14","1,362.45","1,367.44","1,324.97","-","-1.61%"
"2018년 02월 28일","1,362.02","1,383.91","1,385.93","1,361.13","-","-0.92%"
"2018년 02월 27일","1,374.72","1,379.01","1,397.99","1,374.72","-","-0.40%"
"2018년 02월 26일","1,380.27","1,360.09","1,380.27","1,359.19","-","2.16%"
"2018년 02월 23일","1,351.09","1,336.72","1,351.13","1,332.34","-","2.19%"
"2018년 02월 22일","1,322.09","1,330.21","1,336.34","1,318.51","-","-0.25%"
"2018년 02월 21일","1,325.35","1,345.97","1,349.41","1,324.79","-","-1.21%"
"2018년 02월 20일","1,341.53","1,314.01","1,353.36","1,313.97","-","1.76%"
"2018년 02월 16일","1,318.32","1,318.16","1,334.31","1,317.73","-","-0.35%"
"2018년 02월 15일","1,322.95","1,316.43","1,322.99","1,291.78","-","1.22%"
"2018년 02월 14일","1,307.05","1,270.70","1,309.05","1,269.91","-","2.23%"
"2018년 02월 13일","1,278.51","1,270.77","1,279.88","1,266.61","-","-0.05%"
"2018년 02월 12일","1,279.14","1,268.29","1,287.15","1,259.64","-","1.86%"
"2018년 02월 09일","1,255.81","1,246.86","1,263.41","1,203.66","-","3.05%"
"2018년 02월 08일","1,218.66","1,277.84","1,280.17","1,218.66","-","-4.23%"
"2018년 02월 07일","1,272.50","1,287.89","1,303.83","1,272.50","-","-2.24%"
"2018년 02월 06일","1,301.66","1,241.57","1,302.39","1,238.64","-","3.65%"
"2018년 02월 05일","1,255.81","1,303.05","1,328.07","1,253.09","-","-4.72%"
"2018년 02월 02일","1,317.98","1,341.27","1,344.47","1,317.79","-","-2.74%"
"2018년 02월 01일","1,355.07","1,352.53","1,374.87","1,349.90","-","-0.47%"
"2018년 01월 31일","1,361.50","1,367.64","1,370.90","1,354.13","-","0.82%"
"2018년 01월 30일","1,350.44","1,354.82","1,366.28","1,348.94","-","-2.03%"
"2018년 01월 29일","1,378.42","1,372.72","1,388.29","1,362.22","-","-0.21%"
"2018년 01월 26일","1,381.27","1,357.39","1,381.28","1,355.41","-","3.26%"
"2018년 01월 25일","1,337.62","1,376.24","1,379.27","1,337.62","-","-1.69%"
"2018년 01월 24일","1,360.68","1,373.79","1,383.72","1,351.73","-","-2.31%"
"2018년 01월 23일","1,392.86","1,386.59","1,393.40","1,383.18","-","0.76%"
"2018년 01월 22일","1,382.41","1,372.58","1,382.41","1,367.64","-","0.76%"
"2018년 01월 19일","1,372.03","1,375.94","1,378.16","1,363.88","-","0.11%"
"2018년 01월 18일","1,370.56","1,363.47","1,377.17","1,362.50","-","0.46%"
"2018년 01월 17일","1,364.29","1,338.07","1,366.10","1,336.97","-","2.89%"
"2018년 01월 16일","1,325.97","1,334.53","1,340.96","1,318.54","-","0.29%"
"2018년 01월 12일","1,322.10","1,315.03","1,324.24","1,310.78","-","0.59%"
"2018년 01월 11일","1,314.34","1,309.35","1,314.84","1,305.20","-","0.62%"
"2018년 01월 10일","1,306.22","1,306.83","1,312.01","1,296.10","-","-1.24%"
"2018년 01월 09일","1,322.57","1,335.07","1,337.11","1,320.82","-","-0.97%"
"2018년 01월 08일","1,335.54","1,323.45","1,339.37","1,321.97","-","0.74%"
"2018년 01월 05일","1,325.71","1,321.17","1,330.31","1,316.13","-","0.64%"
"2018년 01월 04일","1,317.24","1,315.27","1,321.11","1,306.37","-","0.56%"
"2018년 01월 03일","1,309.86","1,291.66","1,310.37","1,291.29","-","1.72%"
"2018년 01월 02일","1,287.70","1,261.03","1,287.74","1,258.77","-","2.77%"
"2017년 12월 29일","1,253.05","1,267.45","1,268.62","1,253.04","-","-1.05%"
"2017년 12월 28일","1,266.30","1,268.74","1,269.24","1,264.15","-","0.23%"
"2017년 12월 27일","1,263.36","1,259.84","1,269.22","1,258.63","-","0.36%"
"2017년 12월 26일","1,258.88","1,256.09","1,259.71","1,248.46","-","-0.97%"
"2017년 12월 22일","1,271.17","1,268.95","1,272.11","1,263.08","-","-0.05%"
"2017년 12월 21일","1,271.81","1,286.42","1,287.21","1,270.53","-","-1.06%"
"2017년 12월 20일","1,285.44","1,289.37","1,291.33","1,274.69","-","0.70%"
"2017년 12월 19일","1,276.52","1,277.04","1,281.06","1,269.82","-","-0.11%"
"2017년 12월 18일","1,277.91","1,262.84","1,278.31","1,259.78","-","2.16%"
"2017년 12월 15일","1,250.89","1,234.59","1,254.61","1,231.99","-","1.50%"
"2017년 12월 14일","1,232.43","1,235.42","1,240.37","1,229.30","-","-0.05%"
"2017년 12월 13일","1,233.04","1,238.59","1,244.56","1,232.67","-","-0.01%"
"2017년 12월 12일","1,233.18","1,240.69","1,241.62","1,232.20","-","-1.00%"
"2017년 12월 11일","1,245.58","1,238.57","1,248.81","1,236.71","-","0.59%"
"2017년 12월 08일","1,238.24","1,255.42","1,259.63","1,237.24","-","-0.50%"
"2017년 12월 07일","1,244.52","1,243.75","1,248.44","1,236.63","-","0.99%"
"2017년 12월 06일","1,232.26","1,217.28","1,234.30","1,211.49","-","0.31%"
"2017년 12월 05일","1,228.51","1,221.24","1,251.35","1,213.53","-","0.05%"
"2017년 12월 04일","1,227.85","1,268.18","1,268.66","1,220.69","-","-2.45%"
"2017년 12월 01일","1,258.65","1,262.68","1,265.49","1,227.32","-","-1.09%"
"2017년 11월 30일","1,272.55","1,274.95","1,284.84","1,263.57","-","0.60%"
"2017년 11월 29일","1,265.01","1,319.92","1,320.87","1,252.38","-","-4.39%"
"2017년 11월 28일","1,323.08","1,326.28","1,326.46","1,316.14","-","-0.08%"
"2017년 11월 27일","1,324.15","1,329.58","1,331.46","1,322.22","-","-1.31%"
"2017년 11월 24일","1,341.69","1,333.56","1,342.05","1,333.03","-","0.95%"
"2017년 11월 22일","1,329.10","1,339.69","1,340.47","1,327.04","-","-0.66%"
"2017년 11월 21일","1,337.92","1,329.07","1,338.92","1,327.77","-","1.14%"
"2017년 11월 20일","1,322.81","1,312.84","1,324.77","1,311.35","-","1.22%"
"2017년 11월 17일","1,306.93","1,319.97","1,320.16","1,304.83","-","-0.47%"
"2017년 11월 16일","1,313.11","1,301.39","1,318.11","1,301.36","-","1.54%"
"2017년 11월 15일","1,293.20","1,296.02","1,298.95","1,283.71","-","-0.90%"
"2017년 11월 14일","1,305.00","1,301.83","1,308.54","1,295.41","-","-0.12%"
"2017년 11월 13일","1,306.58","1,297.50","1,308.13","1,296.42","-","0.27%"
"2017년 11월 10일","1,303.06","1,298.35","1,303.98","1,295.37","-","0.65%"
"2017년 11월 09일","1,294.66","1,306.10","1,306.45","1,278.69","-","-2.00%"
"2017년 11월 08일","1,321.13","1,314.33","1,321.90","1,310.36","-","0.35%"
"2017년 11월 07일","1,316.55","1,314.69","1,319.22","1,308.01","-","-0.06%"
"2017년 11월 06일","1,317.34","1,314.13","1,318.32","1,302.24","-","1.34%"
"2017년 11월 03일","1,299.97","1,282.41","1,300.02","1,273.15","-","1.77%"
"2017년 11월 02일","1,277.34","1,270.43","1,280.60","1,263.76","-","0.46%"
"2017년 11월 01일","1,271.51","1,284.13","1,284.68","1,260.07","-","-0.32%"
"2017년 10월 31일","1,275.61","1,265.18","1,279.32","1,265.18","-","0.77%"
"2017년 10월 30일","1,265.91","1,261.51","1,270.84","1,258.91","-","0.19%"
"2017년 10월 27일","1,263.55","1,248.36","1,264.66","1,239.98","-","2.14%"
"2017년 10월 26일","1,237.03","1,233.98","1,239.57","1,230.55","-","0.63%"
"2017년 10월 25일","1,229.27","1,236.64","1,242.21","1,216.99","-","-1.29%"
"2017년 10월 24일","1,245.38","1,239.67","1,247.19","1,236.05","-","0.67%"
"2017년 10월 23일","1,237.14","1,237.33","1,243.93","1,231.64","-","0.47%"
"2017년 10월 20일","1,231.34","1,235.44","1,237.63","1,229.48","-","0.51%"
"2017년 10월 19일","1,225.05","1,216.45","1,225.12","1,206.34","-","-0.25%"
"2017년 10월 18일","1,228.16","1,226.78","1,230.07","1,212.17","-","0.33%"
"2017년 10월 17일","1,224.12","1,223.17","1,225.01","1,218.38","-","-0.07%"
"2017년 10월 16일","1,224.99","1,224.51","1,225.10","1,216.73","-","0.47%"
"2017년 10월 13일","1,219.21","1,218.84","1,223.31","1,213.85","-","0.67%"
"2017년 10월 12일","1,211.10","1,214.13","1,219.35","1,210.40","-","-0.34%"
"2017년 10월 11일","1,215.19","1,204.90","1,215.57","1,204.03","-","0.66%"
"2017년 10월 10일","1,207.20","1,209.50","1,210.18","1,194.85","-","0.61%"
"2017년 10월 09일","1,199.86","1,194.95","1,201.09","1,194.18","-","0.71%"
"2017년 10월 06일","1,191.45","1,182.01","1,191.47","1,181.91","-","0.45%"
"2017년 10월 05일","1,186.07","1,188.57","1,189.56","1,179.53","-","0.07%"
"2017년 10월 04일","1,185.24","1,179.66","1,185.33","1,174.60","-","0.24%"
"2017년 10월 03일","1,182.43","1,180.29","1,185.53","1,177.16","-","0.31%"
"2017년 10월 02일","1,178.75","1,176.61","1,184.07","1,170.74","-","0.60%"
"2017년 09월 29일","1,171.74","1,165.49","1,172.89","1,160.39","-","0.87%"
"2017년 09월 28일","1,161.69","1,150.22","1,162.08","1,149.08","-","0.75%"
"2017년 09월 27일","1,153.00","1,141.09","1,157.54","1,137.90","-","2.36%"
"2017년 09월 26일","1,126.40","1,136.13","1,138.26","1,122.37","-","-0.05%"
"2017년 09월 25일","1,126.94","1,144.47","1,144.73","1,122.16","-","-1.97%"
"2017년 09월 22일","1,149.59","1,139.44","1,151.08","1,139.25","-","0.50%"
"2017년 09월 21일","1,143.87","1,146.48","1,147.73","1,134.13","-","-0.41%"
"2017년 09월 20일","1,148.60","1,165.01","1,165.47","1,133.28","-","-1.41%"
"2017년 09월 19일","1,164.98","1,163.44","1,169.01","1,157.32","-","0.35%"
"2017년 09월 18일","1,160.90","1,153.77","1,168.03","1,153.74","-","1.24%"
"2017년 09월 15일","1,146.68","1,130.36","1,147.64","1,130.28","-","1.71%"
"2017년 09월 14일","1,127.42","1,118.30","1,133.30","1,117.01","-","0.48%"
"2017년 09월 13일","1,122.04","1,117.21","1,124.67","1,113.81","-","0.16%"
"2017년 09월 12일","1,120.20","1,118.36","1,123.11","1,113.57","-","0.42%"
"2017년 09월 11일","1,115.46","1,103.95","1,117.50","1,103.33","-","2.01%"
"2017년 09월 08일","1,093.49","1,106.35","1,107.11","1,090.19","-","-1.25%"
"2017년 09월 07일","1,107.34","1,108.69","1,111.47","1,102.60","-","0.14%"
"2017년 09월 06일","1,105.76","1,108.60","1,110.56","1,099.88","-","0.19%"
"2017년 09월 05일","1,103.63","1,112.79","1,116.73","1,094.17","-","-1.40%"
"2017년 09월 01일","1,119.34","1,117.73","1,124.66","1,117.42","-","0.45%"
"2017년 08월 31일","1,114.31","1,106.35","1,115.51","1,105.22","-","0.96%"
"2017년 08월 30일","1,103.69","1,088.35","1,104.81","1,086.86","-","1.74%"
"2017년 08월 29일","1,084.86","1,070.56","1,087.32","1,070.08","-","0.21%"
"2017년 08월 28일","1,082.62","1,083.67","1,083.94","1,077.28","-","0.20%"
"2017년 08월 25일","1,080.50","1,090.70","1,091.84","1,078.81","-","-0.50%"
"2017년 08월 24일","1,085.93","1,090.51","1,091.49","1,079.51","-","-0.04%"
"2017년 08월 23일","1,086.41","1,072.84","1,088.77","1,072.62","-","0.44%"
"2017년 08월 22일","1,081.64","1,071.98","1,083.57","1,071.76","-","1.61%"
"2017년 08월 21일","1,064.52","1,073.59","1,073.63","1,057.17","-","-0.69%"
"2017년 08월 18일","1,071.89","1,076.99","1,080.00","1,066.76","-","0.20%"
"2017년 08월 17일","1,069.70","1,091.55","1,095.85","1,069.68","-","-2.58%"
"2017년 08월 16일","1,098.07","1,099.85","1,102.62","1,093.13","-","0.15%"
"2017년 08월 15일","1,096.43","1,095.03","1,098.34","1,088.66","-","0.25%"
"2017년 08월 14일","1,093.74","1,078.92","1,094.82","1,078.87","-","2.58%"
"2017년 08월 11일","1,066.22","1,053.03","1,068.12","1,052.72","-","0.58%"
"2017년 08월 10일","1,060.02","1,082.09","1,084.25","1,059.65","-","-2.79%"
"2017년 08월 09일","1,090.49","1,083.62","1,091.84","1,080.91","-","-0.30%"
"2017년 08월 08일","1,093.77","1,098.22","1,107.23","1,090.70","-","-0.41%"
"2017년 08월 07일","1,098.25","1,082.85","1,098.59","1,082.57","-","1.74%"
"2017년 08월 04일","1,079.45","1,080.23","1,087.80","1,076.42","-","0.06%"
"2017년 08월 03일","1,078.80","1,082.89","1,085.62","1,073.74","-","-0.48%"
"2017년 08월 02일","1,083.96","1,099.49","1,099.95","1,076.36","-","-0.66%"
"2017년 08월 01일","1,091.13","1,087.75","1,091.44","1,083.01","-","0.55%"
"2017년 07월 31일","1,085.15","1,096.92","1,099.37","1,081.91","-","-0.72%"
"2017년 07월 28일","1,092.99","1,093.12","1,097.57","1,088.05","-","-0.39%"
"2017년 07월 27일","1,097.27","1,118.84","1,120.51","1,084.29","-","-1.62%"
"2017년 07월 26일","1,115.35","1,111.94","1,119.69","1,108.51","-","1.16%"
"2017년 07월 25일","1,102.59","1,099.98","1,105.41","1,092.16","-","-0.04%"
"2017년 07월 24일","1,103.01","1,108.13","1,108.17","1,101.50","-","-0.41%"
"2017년 07월 21일","1,107.54","1,108.01","1,108.08","1,101.50","-","-0.81%"
"2017년 07월 20일","1,116.62","1,113.59","1,117.89","1,104.58","-","0.31%"
"2017년 07월 19일","1,113.18","1,108.58","1,113.51","1,105.83","-","0.89%"
"2017년 07월 18일","1,103.35","1,092.97","1,103.47","1,089.86","-","0.35%"
"2017년 07월 17일","1,099.55","1,106.85","1,107.13","1,096.09","-","-0.43%"
"2017년 07월 14일","1,104.32","1,094.61","1,104.81","1,093.82","-","1.30%"
"2017년 07월 13일","1,090.13","1,093.87","1,101.29","1,086.48","-","-0.25%"
"2017년 07월 12일","1,092.86","1,085.88","1,095.24","1,082.52","-","1.62%"
"2017년 07월 11일","1,075.42","1,066.87","1,076.06","1,063.50","-","0.78%"
"2017년 07월 10일","1,067.10","1,058.96","1,069.25","1,052.38","-","1.16%"
"2017년 07월 07일","1,054.90","1,043.49","1,058.60","1,043.49","-","1.72%"
"2017년 07월 06일","1,037.05","1,032.23","1,045.88","1,027.14","-","-0.45%"
"2017년 07월 05일","1,041.78","1,027.88","1,043.15","1,026.99","-","2.08%"
"2017년 07월 03일","1,020.51","1,040.92","1,044.59","1,020.42","-","-1.39%"
"2017년 06월 30일","1,034.91","1,044.97","1,048.69","1,030.51","-","-0.53%"
"2017년 06월 29일","1,040.42","1,060.02","1,061.20","1,026.05","-","-2.51%"
"2017년 06월 28일","1,067.18","1,057.21","1,068.20","1,044.83","-","1.77%"
"2017년 06월 27일","1,048.66","1,072.61","1,072.61","1,048.52","-","-2.71%"
"2017년 06월 26일","1,077.92","1,095.62","1,099.41","1,072.51","-","-0.97%"
"2017년 06월 23일","1,088.48","1,084.83","1,094.37","1,081.88","-","0.32%"
"2017년 06월 22일","1,084.96","1,089.08","1,089.95","1,080.01","-","-0.23%"
"2017년 06월 21일","1,087.42","1,080.51","1,088.16","1,075.60","-","1.17%"
"2017년 06월 20일","1,074.88","1,089.42","1,094.18","1,074.62","-","-1.20%"
"2017년 06월 19일","1,087.92","1,079.94","1,088.78","1,079.93","-","1.94%"
"2017년 06월 16일","1,067.23","1,072.36","1,079.50","1,063.56","-","-0.33%"
"2017년 06월 15일","1,070.76","1,061.57","1,074.44","1,060.66","-","-0.84%"
"2017년 06월 14일","1,079.82","1,094.55","1,094.99","1,068.27","-","-1.06%"
"2017년 06월 13일","1,091.35","1,095.85","1,101.97","1,078.35","-","0.64%"
"2017년 06월 12일","1,084.44","1,074.94","1,087.86","1,053.33","-","-0.51%"
"2017년 06월 09일","1,090.05","1,145.18","1,149.86","1,068.56","-","-4.23%"
"2017년 06월 08일","1,138.25","1,126.15","1,138.89","1,117.79","-","1.78%"
"2017년 06월 07일","1,118.30","1,115.60","1,122.38","1,112.32","-","0.74%"
"2017년 06월 06일","1,110.08","1,102.59","1,117.48","1,101.00","-","0.35%"
"2017년 06월 05일","1,106.22","1,102.48","1,112.07","1,102.48","-","0.26%"
"2017년 06월 02일","1,103.40","1,100.14","1,104.90","1,091.41","-","0.99%"
"2017년 06월 01일","1,092.55","1,094.17","1,094.40","1,086.14","-","0.10%"
"2017년 05월 31일","1,091.42","1,101.12","1,101.76","1,086.26","-","-0.00%"
"2017년 05월 30일","1,091.45","1,085.32","1,094.16","1,084.28","-","0.61%"
"2017년 05월 26일","1,084.85","1,077.97","1,084.94","1,072.34","-","0.38%"
"2017년 05월 25일","1,080.75","1,079.99","1,084.02","1,073.65","-","0.55%"
"2017년 05월 24일","1,074.85","1,075.13","1,076.75","1,069.91","-","0.65%"
"2017년 05월 23일","1,067.94","1,071.55","1,071.59","1,059.58","-","-0.41%"
"2017년 05월 22일","1,072.30","1,066.40","1,072.77","1,065.13","-","1.09%"
"2017년 05월 19일","1,060.77","1,057.53","1,064.30","1,057.48","-","1.09%"
"2017년 05월 18일","1,049.29","1,030.31","1,052.20","1,027.37","-","1.89%"
"2017년 05월 17일","1,029.83","1,061.17","1,066.29","1,029.34","-","-4.37%"
"2017년 05월 16일","1,076.85","1,066.40","1,077.05","1,061.45","-","1.49%"
"2017년 05월 15일","1,061.05","1,048.46","1,062.13","1,046.83","-","1.51%"
"2017년 05월 12일","1,045.24","1,043.55","1,046.40","1,039.22","-","0.27%"
"2017년 05월 11일","1,042.43","1,036.22","1,047.24","1,029.25","-","0.34%"
"2017년 05월 10일","1,038.92","1,032.32","1,040.57","1,029.94","-","2.11%"
"2017년 05월 09일","1,017.50","1,009.63","1,019.86","1,009.58","-","1.03%"
"2017년 05월 08일","1,007.16","1,011.50","1,012.28","1,005.04","-","-0.38%"
"2017년 05월 05일","1,011.03","1,008.97","1,011.05","1,001.68","-","0.42%"
"2017년 05월 04일","1,006.83","1,008.96","1,010.69","1,002.95","-","-0.12%"
"2017년 05월 03일","1,008.05","1,001.20","1,009.23","998.87","-","0.34%"
"2017년 05월 02일","1,004.62","1,010.94","1,010.94","999.53","-","-1.06%"
"2017년 05월 01일","1,015.43","1,007.70","1,015.80","1,003.08","-","0.98%"
"2017년 04월 28일","1,005.53","1,017.60","1,019.11","1,002.89","-","-1.74%"
"2017년 04월 27일","1,023.29","1,016.03","1,024.61","1,015.35","-","1.40%"
"2017년 04월 26일","1,009.16","1,015.47","1,017.86","1,005.83","-","-0.85%"
"2017년 04월 25일","1,017.81","1,012.68","1,019.44","1,010.08","-","0.99%"
"2017년 04월 24일","1,007.80","1,008.56","1,010.71","1,003.84","-","1.50%"
"2017년 04월 21일","992.94","992.47","995.01","985.27","-","-0.46%"
"2017년 04월 20일","997.55","988.18","999.18","984.46","-","1.58%"
"2017년 04월 19일","982.05","986.72","990.40","980.33","-","0.55%"
"2017년 04월 18일","976.67","967.43","977.22","966.37","-","0.42%"
"2017년 04월 17일","972.56","964.78","972.69","964.66","-","1.31%"
"2017년 04월 13일","960.01","962.54","974.62","960.01","-","-0.68%"
"2017년 04월 12일","966.55","981.27","981.97","964.54","-","-1.71%"
"2017년 04월 11일","983.34","983.96","984.42","968.77","-","-0.83%"
"2017년 04월 10일","991.62","998.83","1,000.24","989.21","-","-0.77%"
"2017년 04월 07일","999.35","994.22","1,002.33","992.87","-","0.47%"
"2017년 04월 06일","994.69","990.08","997.07","984.94","-","0.12%"
"2017년 04월 05일","993.53","1,002.75","1,010.02","992.76","-","-0.69%"
"2017년 04월 04일","1,000.48","998.57","1,007.05","997.23","-","-0.53%"
"2017년 04월 03일","1,005.80","1,012.79","1,014.74","998.89","-","-0.55%"
"2017년 03월 31일","1,011.40","1,010.76","1,016.61","1,008.32","-","-0.04%"
"2017년 03월 30일","1,011.81","1,005.77","1,013.99","1,005.39","-","0.53%"
"2017년 03월 29일","1,006.49","1,007.50","1,008.64","1,003.66","-","-0.25%"
"2017년 03월 28일","1,008.97","1,005.44","1,012.94","1,002.88","-","0.30%"
"2017년 03월 27일","1,005.95","994.09","1,008.48","990.66","-","0.16%"
"2017년 03월 24일","1,004.35","1,012.41","1,016.68","1,000.53","-","0.75%"
"2017년 03월 23일","996.85","997.91","1,002.09","994.44","-","-0.25%"
"2017년 03월 22일","999.34","987.87","1,000.25","986.30","-","1.10%"
"2017년 03월 21일","988.42","1,015.94","1,017.14","986.99","-","-2.36%"
"2017년 03월 20일","1,012.29","1,005.98","1,015.90","1,004.19","-","0.77%"
"2017년 03월 17일","1,004.60","1,004.19","1,006.12","1,002.14","-","0.18%"
"2017년 03월 16일","1,002.81","1,005.29","1,007.45","1,001.05","-","-0.18%"
"2017년 03월 15일","1,004.65","996.36","1,006.21","992.94","-","0.84%"
"2017년 03월 14일","996.33","995.98","996.64","988.42","-","-0.31%"
"2017년 03월 13일","999.39","995.40","999.66","993.06","-","0.75%"
"2017년 03월 10일","991.93","989.01","994.21","986.49","-","1.17%"
"2017년 03월 09일","980.48","976.00","982.45","973.33","-","0.15%"
"2017년 03월 08일","979.00","981.53","986.62","976.75","-","0.22%"
"2017년 03월 07일","976.85","972.68","982.84","969.95","-","0.27%"
"2017년 03월 06일","974.18","968.15","976.03","963.03","-","0.02%"
"2017년 03월 03일","973.97","973.88","975.29","968.27","-","-0.04%"
"2017년 03월 02일","974.33","985.87","988.09","973.33","-","-1.11%"
"2017년 03월 01일","985.26","980.79","985.94","971.49","-","1.64%"
"2017년 02월 28일","969.38","982.30","982.42","967.37","-","-1.33%"
"2017년 02월 27일","982.40","972.66","982.52","971.77","-","0.92%"
"2017년 02월 24일","973.44","958.78","973.56","955.11","-","-0.04%"
"2017년 02월 23일","973.87","986.88","987.06","967.81","-","-1.64%"
"2017년 02월 22일","990.07","989.90","991.24","985.99","-","-0.04%"
"2017년 02월 21일","990.44","981.21","990.59","980.97","-","1.40%"
"2017년 02월 17일","976.80","968.69","976.80","963.01","-","0.57%"
"2017년 02월 16일","971.24","971.02","972.80","965.34","-","0.07%"
"2017년 02월 15일","970.54","965.06","971.24","960.23","-","0.82%"
"2017년 02월 14일","962.63","962.90","964.12","957.00","-","-0.32%"
"2017년 02월 13일","965.70","968.91","971.61","963.70","-","0.28%"
"2017년 02월 10일","963.05","969.09","969.99","953.91","-","-0.08%"
"2017년 02월 09일","963.81","975.03","975.03","962.54","-","-0.86%"
"2017년 02월 08일","972.14","972.90","976.43","967.27","-","0.16%"
"2017년 02월 07일","970.59","972.00","974.06","965.22","-","0.33%"
"2017년 02월 06일","967.39","963.50","967.72","960.08","-","0.35%"
"2017년 02월 03일","964.02","963.65","965.31","960.05","-","0.52%"
"2017년 02월 02일","959.08","953.64","962.33","948.53","-","-0.11%"
"2017년 02월 01일","960.11","955.50","960.11","949.91","-","1.68%"
"2017년 01월 31일","944.28","952.59","952.65","938.76","-","-1.31%"
"2017년 01월 30일","956.84","956.62","957.31","945.00","-","-0.56%"
"2017년 01월 27일","962.26","955.79","962.32","955.67","-","1.26%"
"2017년 01월 26일","950.32","955.15","955.99","946.61","-","-0.60%"
"2017년 01월 25일","956.06","953.64","957.56","947.27","-","1.45%"
"2017년 01월 24일","942.41","929.29","943.42","928.51","-","2.02%"
"2017년 01월 23일","923.77","924.13","928.19","916.86","-","-0.67%"
"2017년 01월 20일","930.01","927.56","935.58","927.45","-","1.30%"
"2017년 01월 19일","918.03","921.30","928.17","917.17","-","-0.47%"
"2017년 01월 18일","922.36","911.11","922.87","909.93","-","1.42%"
"2017년 01월 17일","909.48","919.90","920.61","906.56","-","-1.64%"
"2017년 01월 13일","924.67","919.20","926.76","918.91","-","0.71%"
"2017년 01월 12일","918.16","918.78","918.80","904.66","-","-0.90%"
"2017년 01월 11일","926.54","922.39","926.63","919.64","-","0.38%"
"2017년 01월 10일","923.06","919.97","924.98","918.13","-","0.49%"
"2017년 01월 09일","918.58","911.92","922.24","911.92","-","1.09%"
"2017년 01월 06일","908.65","903.26","911.32","898.55","-","0.77%"
"2017년 01월 05일","901.69","909.91","914.76","900.21","-","-0.89%"
"2017년 01월 04일","909.77","910.53","913.68","905.23","-","0.27%"
"2017년 01월 03일","907.34","910.80","919.87","899.33","-","0.10%"
"2016년 12월 30일","906.47","924.33","925.31","904.23","-","-1.60%"
"2016년 12월 29일","921.20","913.75","921.23","911.46","-","0.01%"
"2016년 12월 28일","921.09","943.20","944.23","920.67","-","-1.93%"
"2016년 12월 27일","939.21","931.10","940.74","931.10","-","1.22%"
"2016년 12월 23일","927.92","920.82","928.04","920.43","-","0.53%"
"2016년 12월 22일","923.06","927.73","928.29","919.45","-","0.52%"
"2016년 12월 21일","918.33","919.54","922.45","916.86","-","0.04%"
"2016년 12월 20일","917.99","915.58","919.98","914.39","-","0.91%"
"2016년 12월 19일","909.68","904.57","913.29","902.39","-","0.98%"
"2016년 12월 16일","900.85","912.40","916.57","896.68","-","-1.00%"
"2016년 12월 15일","909.97","897.70","913.82","896.69","-","1.75%"
"2016년 12월 14일","894.28","895.54","899.89","891.60","-","-0.14%"
"2016년 12월 13일","895.55","890.08","901.59","888.70","-","1.14%"
"2016년 12월 12일","885.46","886.29","890.14","878.25","-","-0.79%"
"2016년 12월 09일","892.51","903.64","903.64","886.31","-","-0.36%"
"2016년 12월 08일","895.70","890.75","900.97","889.42","-","0.82%"
"2016년 12월 07일","888.45","869.80","889.84","866.62","-","2.12%"
"2016년 12월 06일","870.00","861.49","870.81","861.26","-","1.38%"
"2016년 12월 05일","858.13","854.87","860.56","849.46","-","1.23%"
"2016년 12월 02일","847.70","834.24","849.02","832.90","-","1.30%"
"2016년 12월 01일","836.79","878.91","878.96","832.13","-","-4.85%"
"2016년 11월 30일","879.47","887.14","887.19","879.43","-","-0.65%"
"2016년 11월 29일","885.25","885.87","890.86","881.52","-","-0.23%"
"2016년 11월 28일","887.25","888.87","891.46","886.28","-","-0.42%"
"2016년 11월 25일","890.97","888.95","891.39","886.95","-","0.19%"
"2016년 11월 23일","889.31","887.57","891.00","883.35","-","0.12%"
"2016년 11월 22일","888.27","885.14","888.84","884.21","-","1.05%"
"2016년 11월 21일","879.01","876.25","879.86","872.52","-","0.73%"
"2016년 11월 18일","872.63","868.23","874.22","865.47","-","0.67%"
"2016년 11월 17일","866.84","858.79","870.75","855.60","-","1.08%"
"2016년 11월 16일","857.55","847.08","858.31","846.23","-","1.14%"
"2016년 11월 15일","847.90","836.28","850.03","834.48","-","1.90%"
"2016년 11월 14일","832.08","837.69","839.00","829.98","-","-0.62%"
"2016년 11월 11일","837.24","819.15","838.02","819.09","-","3.86%"
"2016년 11월 10일","806.09","827.49","833.80","798.20","-","-2.12%"
"2016년 11월 09일","823.59","805.66","826.18","805.44","-","-0.49%"
"2016년 11월 08일","827.68","825.86","832.68","820.91","-","0.22%"
"2016년 11월 07일","825.87","816.62","826.31","814.24","-","2.86%"
"2016년 11월 04일","802.88","800.99","810.31","797.74","-","-0.63%"
"2016년 11월 03일","808.00","811.73","815.27","805.34","-","-0.32%"
"2016년 11월 02일","810.57","818.43","821.15","808.15","-","-0.68%"
"2016년 11월 01일","816.08","826.43","829.90","807.07","-","-0.90%"
"2016년 10월 31일","823.52","823.80","827.16","821.99","-","0.57%"
"2016년 10월 28일","818.88","827.73","832.09","818.20","-","-0.59%"
"2016년 10월 27일","823.74","834.48","837.80","822.83","-","-0.42%"
"2016년 10월 26일","827.22","822.95","832.58","821.95","-","-0.17%"
"2016년 10월 25일","828.67","828.48","832.56","827.24","-","-0.13%"
"2016년 10월 24일","829.79","819.69","830.23","819.69","-","1.87%"
"2016년 10월 21일","814.53","812.66","815.78","806.79","-","-0.27%"
"2016년 10월 20일","816.72","810.10","819.70","804.62","-","0.71%"
"2016년 10월 19일","810.93","807.56","812.11","803.46","-","-0.47%"
"2016년 10월 18일","814.74","815.86","817.69","812.52","-","1.21%"
"2016년 10월 17일","805.00","808.97","812.79","804.53","-","-0.54%"
"2016년 10월 14일","809.39","809.09","818.62","808.71","-","0.79%"
"2016년 10월 13일","803.05","804.22","805.24","790.17","-","-1.18%"
"2016년 10월 12일","812.62","813.61","814.86","805.19","-","-0.33%"
"2016년 10월 11일","815.31","830.86","830.86","808.35","-","-2.11%"
"2016년 10월 10일","832.91","840.38","844.30","832.68","-","-0.49%"
"2016년 10월 07일","837.02","839.22","839.58","829.82","-","-0.19%"
"2016년 10월 06일","838.60","832.16","839.13","827.82","-","0.59%"
"2016년 10월 05일","833.71","829.91","839.39","828.70","-","0.77%"
"2016년 10월 04일","827.34","831.43","835.52","824.28","-","-0.26%"
"2016년 10월 03일","829.49","836.74","840.80","828.04","-","-0.73%"
"2016년 09월 30일","835.60","828.35","840.49","828.32","-","1.58%"
"2016년 09월 29일","822.64","811.03","827.18","803.69","-","1.25%"
"2016년 09월 28일","812.47","813.24","816.45","806.95","-","0.20%"
"2016년 09월 27일","810.84","796.37","810.98","794.66","-","1.78%"
"2016년 09월 26일","796.64","798.67","801.57","793.85","-","-0.99%"
"2016년 09월 23일","804.59","811.85","812.22","803.86","-","-1.10%"
"2016년 09월 22일","813.51","816.39","818.38","810.71","-","0.35%"
"2016년 09월 21일","810.65","803.96","811.45","800.02","-","1.44%"
"2016년 09월 20일","799.11","808.03","808.13","797.40","-","-0.49%"
"2016년 09월 19일","803.06","806.43","814.60","800.17","-","0.19%"
"2016년 09월 16일","801.55","806.07","808.83","795.86","-","-0.03%"
"2016년 09월 15일","801.77","783.73","803.02","783.65","-","2.30%"
"2016년 09월 14일","783.72","776.85","785.49","773.93","-","0.90%"
"2016년 09월 13일","776.73","779.84","786.31","772.81","-","-0.92%"
"2016년 09월 12일","783.95","760.21","784.50","760.07","-","2.03%"
"2016년 09월 09일","768.37","788.61","790.68","767.07","-","-3.66%"
"2016년 09월 08일","797.57","796.37","799.92","793.13","-","-0.20%"
"2016년 09월 07일","799.20","805.80","806.78","797.81","-","-0.73%"
"2016년 09월 06일","805.10","808.79","809.28","800.99","-","-0.23%"
"2016년 09월 02일","806.95","811.06","811.19","803.39","-","-0.17%"
"2016년 09월 01일","808.36","802.09","808.36","797.76","-","0.86%"
"2016년 08월 31일","801.48","802.44","802.71","797.35","-","-0.07%"
"2016년 08월 30일","802.07","805.55","808.32","799.24","-","-0.19%"
"2016년 08월 29일","803.62","803.19","806.81","802.71","-","0.28%"
"2016년 08월 26일","801.40","799.51","807.11","795.65","-","0.49%"
"2016년 08월 25일","797.47","796.10","801.02","794.67","-","0.39%"
"2016년 08월 24일","794.34","801.12","802.48","791.97","-","-0.87%"
"2016년 08월 23일","801.31","802.09","804.69","800.73","-","0.50%"
"2016년 08월 22일","797.29","794.81","799.46","793.86","-","0.03%"
"2016년 08월 19일","797.06","792.02","798.85","790.84","-","0.87%"
"2016년 08월 18일","790.16","785.46","790.16","784.68","-","0.71%"
"2016년 08월 17일","784.61","784.41","785.01","780.40","-","0.00%"
"2016년 08월 16일","784.61","787.88","788.75","783.96","-","-0.74%"
"2016년 08월 15일","790.44","782.82","792.31","782.51","-","1.36%"
"2016년 08월 12일","779.84","777.77","781.29","776.58","-","0.46%"
"2016년 08월 11일","776.26","774.87","777.27","772.04","-","0.45%"
"2016년 08월 10일","772.82","779.62","779.62","769.93","-","-0.77%"
"2016년 08월 09일","778.78","776.42","780.99","776.17","-","0.82%"
"2016년 08월 08일","772.44","775.29","777.72","771.07","-","-0.17%"
"2016년 08월 05일","773.78","767.38","774.05","767.38","-","1.34%"
"2016년 08월 04일","763.57","758.09","763.75","757.30","-","0.93%"
"2016년 08월 03일","756.53","751.31","756.53","751.14","-","0.11%"
"2016년 08월 02일","755.73","765.67","765.81","751.43","-","-1.60%"
"2016년 08월 01일","768.02","768.13","770.83","765.36","-","0.16%"
"2016년 07월 29일","766.78","772.01","772.85","763.81","-","-0.49%"
"2016년 07월 28일","770.52","770.75","775.82","767.16","-","-0.57%"
"2016년 07월 27일","774.93","781.11","782.14","770.83","-","0.00%"
"2016년 07월 26일","774.92","754.97","778.72","754.93","-","3.82%"
"2016년 07월 25일","746.44","744.49","747.66","743.81","-","0.55%"
"2016년 07월 22일","742.37","735.50","742.47","731.53","-","0.55%"
"2016년 07월 21일","738.30","744.40","744.72","735.32","-","-0.73%"
"2016년 07월 20일","743.74","735.52","745.46","733.94","-","1.63%"
"2016년 07월 19일","731.78","732.28","733.61","729.80","-","-0.38%"
"2016년 07월 18일","734.54","732.63","735.74","731.85","-","1.51%"
"2016년 07월 15일","723.64","723.15","724.82","721.03","-","-0.08%"
"2016년 07월 14일","724.23","724.68","726.09","719.44","-","0.74%"
"2016년 07월 13일","718.90","720.74","723.27","717.70","-","0.08%"
"2016년 07월 12일","718.36","715.93","720.31","714.75","-","1.33%"
"2016년 07월 11일","708.90","706.39","711.54","706.37","-","1.12%"
"2016년 07월 08일","701.07","688.06","701.22","687.88","-","2.82%"
"2016년 07월 07일","681.82","676.30","686.64","676.26","-","1.23%"
"2016년 07월 06일","673.55","667.81","674.67","661.31","-","0.15%"
"2016년 07월 05일","672.51","678.69","678.76","668.51","-","-1.82%"
"2016년 07월 01일","685.01","684.58","687.37","683.73","-","-0.96%"
"2016년 06월 30일","691.67","681.54","691.67","678.57","-","1.81%"
"2016년 06월 29일","679.37","674.23","681.19","671.16","-","2.05%"
"2016년 06월 28일","665.75","658.29","666.80","656.96","-","2.69%"
"2016년 06월 27일","648.32","664.82","664.88","644.42","-","-4.01%"
"2016년 06월 24일","675.40","685.25","696.33","674.38","-","-5.76%"
"2016년 06월 23일","716.67","707.55","716.67","706.11","-","2.47%"
"2016년 06월 22일","699.40","699.40","705.99","697.64","-","0.00%"
"2016년 06월 21일","699.40","699.40","699.40","699.40","-","0.33%"
"2016년 06월 20일","697.08","700.44","705.53","696.41","-","1.16%"
"2016년 06월 17일","689.09","693.14","693.27","684.31","-","-0.82%"
"2016년 06월 16일","694.78","688.97","695.50","683.11","-","-0.01%"
"2016년 06월 15일","694.86","698.25","699.19","694.04","-","-0.09%"
"2016년 06월 14일","695.47","693.48","697.15","688.95","-","0.01%"
"2016년 06월 13일","695.42","695.93","703.49","694.22","-","-0.52%"
"2016년 06월 10일","699.04","703.45","703.60","696.72","-","-1.67%"
"2016년 06월 09일","710.92","703.91","711.37","702.81","-","0.10%"
"2016년 06월 08일","710.19","710.90","711.99","708.02","-","-0.05%"
"2016년 06월 07일","710.55","707.20","711.89","706.77","-","0.97%"
"2016년 06월 06일","703.70","706.63","709.45","702.58","-","-0.27%"
"2016년 06월 03일","705.60","709.20","709.59","701.31","-","0.31%"
"2016년 06월 02일","703.43","701.01","703.43","699.09","-","0.02%"
"2016년 06월 01일","703.29","696.64","704.05","696.09","-","0.56%"
"2016년 05월 31일","699.36","697.55","700.04","694.81","-","0.52%"
"2016년 05월 27일","695.71","691.56","696.71","691.34","-","0.60%"
"2016년 05월 26일","691.58","690.47","693.12","688.60","-","0.31%"
"2016년 05월 25일","689.47","689.20","691.03","684.24","-","0.56%"
"2016년 05월 24일","685.64","673.34","686.31","673.28","-","2.42%"
"2016년 05월 23일","669.46","668.44","675.43","668.27","-","0.66%"
"2016년 05월 20일","665.08","653.54","665.42","653.54","-","3.15%"
"2016년 05월 19일","644.74","645.56","650.93","639.49","-","-0.71%"
"2016년 05월 18일","649.35","637.16","654.35","637.08","-","1.64%"
"2016년 05월 17일","638.89","642.79","645.74","636.93","-","-0.69%"
"2016년 05월 16일","643.33","634.76","647.54","634.51","-","1.59%"
"2016년 05월 13일","633.26","633.66","638.81","631.55","-","0.39%"
"2016년 05월 12일","630.77","644.38","644.89","625.80","-","-1.79%"
"2016년 05월 11일","642.29","642.28","648.08","641.68","-","-0.31%"
"2016년 05월 10일","644.30","637.90","644.41","634.91","-","1.22%"
"2016년 05월 09일","636.54","638.78","641.93","635.14","-","-0.15%"
"2016년 05월 06일","637.50","633.61","637.58","628.78","-","0.11%"
"2016년 05월 05일","636.81","639.82","642.78","634.73","-","0.30%"
"2016년 05월 04일","634.90","638.30","642.15","632.88","-","-1.20%"
"2016년 05월 03일","642.62","645.36","646.97","639.83","-","-1.18%"
"2016년 05월 02일","650.27","647.06","651.13","642.24","-","0.76%"
"2016년 04월 29일","645.34","658.41","658.44","640.51","-","-2.62%"
"2016년 04월 28일","662.69","674.75","680.88","661.27","-","-2.73%"
"2016년 04월 27일","681.26","669.98","682.18","667.03","-","1.01%"
"2016년 04월 26일","674.42","670.86","680.15","670.74","-","1.37%"
"2016년 04월 25일","665.32","667.66","670.90","663.54","-","-0.55%"
"2016년 04월 22일","669.03","667.73","675.09","663.84","-","0.20%"
"2016년 04월 21일","667.68","671.40","671.91","664.91","-","-0.67%"
"2016년 04월 20일","672.15","665.12","674.89","663.51","-","0.98%"
"2016년 04월 19일","665.61","675.50","675.72","662.86","-","-1.24%"
"2016년 04월 18일","673.96","671.04","675.62","669.47","-","0.07%"
"2016년 04월 15일","673.49","676.95","679.24","673.34","-","-0.85%"
"2016년 04월 14일","679.28","678.57","680.52","672.82","-","-0.86%"
"2016년 04월 13일","685.15","673.46","685.41","673.23","-","2.30%"
"2016년 04월 12일","669.74","672.10","672.26","661.26","-","-0.13%"
"2016년 04월 11일","670.60","674.59","680.55","670.53","-","-0.11%"
"2016년 04월 08일","671.31","674.64","677.18","668.69","-","0.58%"
"2016년 04월 07일","667.46","674.70","674.76","665.27","-","-1.59%"
"2016년 04월 06일","678.21","669.86","678.56","665.35","-","1.02%"
"2016년 04월 05일","671.33","671.83","675.95","670.47","-","-0.60%"
"2016년 04월 04일","675.39","681.41","681.69","674.11","-","-0.91%"
"2016년 04월 01일","681.59","672.08","681.79","669.55","-","0.69%"
"2016년 03월 31일","676.89","679.11","679.97","676.61","-","-0.57%"
"2016년 03월 30일","680.79","678.04","684.71","677.89","-","0.99%"
"2016년 03월 29일","674.14","662.18","675.23","659.84","-","1.34%"
"2016년 03월 28일","665.21","667.25","667.57","662.67","-","-0.14%"
"2016년 03월 24일","666.14","661.70","666.16","658.58","-","-0.05%"
"2016년 03월 23일","666.46","674.87","674.92","666.28","-","-1.31%"
"2016년 03월 22일","675.30","672.26","677.56","670.70","-","-0.10%"
"2016년 03월 21일","675.96","672.78","676.28","669.60","-","0.14%"
"2016년 03월 18일","675.03","666.76","675.34","666.54","-","1.36%"
"2016년 03월 17일","665.95","659.36","667.35","658.17","-","0.72%"
"2016년 03월 16일","661.19","652.48","661.91","652.22","-","0.88%"
"2016년 03월 15일","655.41","654.98","655.41","649.89","-","-0.14%"
"2016년 03월 14일","656.35","655.94","659.26","654.28","-","-0.42%"
"2016년 03월 11일","659.14","653.47","659.20","652.83","-","1.94%"
"2016년 03월 10일","646.58","647.02","652.41","637.45","-","0.51%"
"2016년 03월 09일","643.27","641.61","645.00","638.33","-","0.82%"
"2016년 03월 08일","638.01","646.48","647.39","637.49","-","-2.25%"
"2016년 03월 07일","652.68","647.07","655.73","644.02","-","0.32%"
"2016년 03월 04일","650.62","648.66","655.66","643.46","-","1.05%"
"2016년 03월 03일","643.89","643.52","645.29","639.09","-","0.09%"
"2016년 03월 02일","643.31","638.00","643.35","637.18","-","0.53%"
"2016년 03월 01일","639.90","627.58","639.93","626.47","-","2.86%"
"2016년 02월 29일","622.11","624.86","632.99","622.07","-","-0.41%"
"2016년 02월 26일","624.65","624.98","626.92","621.55","-","0.58%"
"2016년 02월 25일","621.07","614.74","621.12","608.19","-","1.26%"
"2016년 02월 24일","613.34","597.17","614.38","594.11","-","1.40%"
"2016년 02월 23일","604.87","611.51","613.35","604.08","-","-1.65%"
"2016년 02월 22일","615.00","612.53","618.12","611.89","-","1.58%"
"2016년 02월 19일","605.46","602.89","609.03","601.06","-","0.49%"
"2016년 02월 18일","602.52","611.14","611.20","602.13","-","-0.58%"
"2016년 02월 17일","606.05","595.43","606.97","594.97","-","2.39%"
"2016년 02월 16일","591.93","578.78","594.67","578.78","-","3.50%"
"2016년 02월 12일","571.90","564.56","572.31","557.52","-","2.27%"
"2016년 02월 11일","559.18","554.98","562.55","552.26","-","-0.79%"
"2016년 02월 10일","563.65","572.82","577.98","563.33","-","-0.76%"
"2016년 02월 09일","567.99","564.14","578.66","563.18","-","-0.61%"
"2016년 02월 08일","571.45","576.70","576.70","562.61","-","-2.52%"
"2016년 02월 05일","586.25","603.94","605.02","584.22","-","-3.53%"
"2016년 02월 04일","607.72","599.33","610.93","596.36","-","1.78%"
"2016년 02월 03일","597.11","600.76","602.36","585.16","-","0.24%"
"2016년 02월 02일","595.70","608.56","609.24","594.13","-","-3.39%"
"2016년 02월 01일","616.60","608.76","619.46","607.70","-","0.48%"
"2016년 01월 29일","613.68","594.13","613.71","594.07","-","4.57%"
"2016년 01월 28일","586.85","591.17","593.96","582.33","-","-0.31%"
"2016년 01월 27일","588.68","593.70","599.93","585.76","-","-1.20%"
"2016년 01월 26일","595.86","591.87","600.27","589.45","-","1.03%"
"2016년 01월 25일","589.81","597.25","598.22","588.60","-","-1.44%"
"2016년 01월 22일","598.42","599.97","602.23","594.56","-","1.85%"
"2016년 01월 21일","587.56","585.22","594.78","578.58","-","1.49%"
"2016년 01월 20일","578.94","571.64","584.76","562.75","-","0.65%"
"2016년 01월 19일","575.18","585.92","587.52","570.18","-","0.15%"
"2016년 01월 15일","574.29","575.03","581.61","566.30","-","-4.53%"
"2016년 01월 14일","601.57","592.17","604.55","583.66","-","2.05%"
"2016년 01월 13일","589.48","608.26","613.17","588.75","-","-3.14%"
"2016년 01월 12일","608.56","610.32","613.99","599.90","-","0.83%"
"2016년 01월 11일","603.55","606.25","608.85","595.13","-","0.51%"
"2016년 01월 08일","600.48","612.61","616.58","599.87","-","-1.60%"
"2016년 01월 07일","610.25","616.83","624.58","608.88","-","-3.32%"
"2016년 01월 06일","631.20","638.28","639.36","626.28","-","-2.81%"
"2016년 01월 05일","649.47","657.36","658.75","648.80","-","-1.04%"
"2016년 01월 04일","656.28","650.44","656.41","646.88","-","-1.09%"