Date,Close,PBR,PER,ROE
2017-01-02,36100.0,0.03128891966791867,0.3592199142975042,0.08710240836482505
2017-01-03,36480.0,0.03161827671705465,0.3630011765532674,0.08710240836482505
2017-01-04,36160.0,0.03134092341251909,0.35981695570630895,0.08710240836482505
2017-01-05,35560.0,0.0308208859665149,0.3538465416182618,0.08710240836482504
2017-01-06,36200.0,0.03137559257558603,0.36021498331217877,0.08710240836482504
2017-01-09,37220.0,0.032259656233793156,0.3703646872618589,0.08710240836482507
2017-01-10,37240.0,0.032276990815326624,0.3705637010647938,0.08710240836482505
2017-01-11,38280.0,0.03317838905506722,0.3809124188174089,0.08710240836482505
2017-01-12,38800.0,0.03362908817493752,0.38608677769371647,0.08710240836482505
2017-01-13,37460.0,0.03246767121219483,0.37275285289707777,0.08710240836482505
2017-01-16,36660.0,0.03177428795085591,0.36479230077968156,0.08710240836482505
2017-01-17,36960.0,0.032034306673858,0.36777750782370516,0.08710240836482504
2017-01-18,36940.0,0.032016972092324535,0.36757849402077025,0.08710240836482505
2017-01-19,37480.0,0.0324850057937283,0.3729518667000127,0.08710240836482505
2017-01-20,37200.0,0.03224232165225968,0.37016567345892404,0.08710240836482505
2017-01-23,38060.0,0.03298770865819902,0.37872326698512493,0.08710240836482507
2017-01-24,38160.0,0.03307438156586638,0.3797183359997995,0.08710240836482505
2017-01-25,39400.0,0.0341491256209417,0.3920571917817636,0.08710240836482504
2017-01-26,39900.0,0.03458249015927853,0.39703253685513623,0.08710240836482505
2017-01-31,39460.0,0.03420112936554212,0.3926542331905683,0.08710240836482505
2017-02-01,39120.0,0.03390644147947308,0.38927099854067493,0.08710240836482505
2017-02-02,39360.0,0.03411445645787476,0.3916591641758938,0.08710240836482505
2017-02-03,39460.0,0.03420112936554212,0.3926542331905683,0.08710240836482505
2017-02-06,39560.0,0.03428780227320949,0.39364930220524286,0.08710240836482505
2017-02-07,38820.0,0.03364642275647099,0.3862857914966514,0.08710240836482505
2017-02-08,38400.0,0.03328239654426806,0.38210650163501836,0.08710240836482505
2017-02-09,38400.0,0.03328239654426806,0.38210650163501836,0.08710240836482505
2017-02-10,38360.0,0.03324772738120111,0.38170847402914854,0.08710240836482504
2017-02-13,37960.0,0.03290103575053165,0.37772819797045043,0.08710240836482505
2017-02-14,37580.0,0.03257167870139567,0.37394693571468723,0.08710240836482505
2017-02-15,37720.0,0.03269302077212998,0.37534003233523155,0.08710240836482507
2017-02-16,38020.0,0.03295303949513207,0.37832523937925516,0.08710240836482504
2017-02-17,37860.0,0.03281436284286429,0.3767331289557759,0.08710240836482507
2017-02-20,38660.0,0.03350774610420321,0.3846936810731721,0.08710240836482505
2017-02-21,38940.0,0.03375043024567183,0.3874798743142608,0.08710240836482505
2017-02-22,39300.0,0.03406245271327434,0.39106212276708907,0.08710240836482505
2017-02-23,39180.0,0.0339584452240735,0.38986803994947966,0.08710240836482504
2017-02-24,38220.0,0.0331263853104668,0.3803153774086042,0.08710240836482504
2017-02-27,38060.0,0.03298770865819902,0.37872326698512493,0.08710240836482507
2017-02-28,38440.0,0.033317065707335,0.3825045292408881,0.08710240836482505
2017-03-02,39720.0,0.034426478925477275,0.3952414126287221,0.08710240836482505
2017-03-03,39620.0,0.03433980601780991,0.3942463436140476,0.08710240836482504
2017-03-06,40080.0,0.03473850139307979,0.3988236610815504,0.08710240836482507
2017-03-07,40200.0,0.034842508882280625,0.40001774389915984,0.08710240836482505
2017-03-08,40200.0,0.034842508882280625,0.40001774389915984,0.08710240836482505
2017-03-09,40200.0,0.034842508882280625,0.40001774389915984,0.08710240836482505
2017-03-10,40180.0,0.03482517430074715,0.39981873009622493,0.08710240836482505
2017-03-13,40600.0,0.03518920051295008,0.40399801995785795,0.08710240836482505
2017-03-14,41360.0,0.035847914611222054,0.41156054446938434,0.08710240836482505
2017-03-15,41400.0,0.035882583774289004,0.41195857207525416,0.08710240836482505
2017-03-16,41840.0,0.036263944568025404,0.4163368757398221,0.08710240836482504
2017-03-17,42400.0,0.03674931285096265,0.4219092622219994,0.08710240836482505
2017-03-20,41900.0,0.03631594831262582,0.41693391714862676,0.08710240836482505
2017-03-21,42560.0,0.03688798950323043,0.42350137264547866,0.08710240836482505
2017-03-22,42460.0,0.036801316595563065,0.4225063036308041,0.08710240836482505
2017-03-23,41800.0,0.03622927540495846,0.41593884813395227,0.08710240836482505
2017-03-24,41500.0,0.035969256681956364,0.41295364108992866,0.08710240836482505
2017-03-27,41200.0,0.03570923795895427,0.4099684340459051,0.08710240836482504
2017-03-28,41480.0,0.03595192210042289,0.41275462728699375,0.08710240836482505
2017-03-29,41780.0,0.036211940823424986,0.41573983433101735,0.08710240836482505
2017-03-30,41980.0,0.036385286638759715,0.4177299723603664,0.08710240836482505
2017-03-31,41200.0,0.03570923795895427,0.4099684340459051,0.08710240836482504
2017-04-03,41440.0,0.033418077212747796,0.2837466967923918,0.11777433038171618
2017-04-04,42080.0,0.03393418651333077,0.28812888515984186,0.11777433038171617
2017-04-05,42140.0,0.03398257176026043,0.2885397153192903,0.11777433038171618
2017-04-06,41840.0,0.03374064552561215,0.28648556452204804,0.11777433038171617
2017-04-07,41600.0,0.033547104537893536,0.2848422438842543,0.11777433038171617
2017-04-10,41940.0,0.03382128760382824,0.28717028145446216,0.11777433038171616
2017-04-11,41600.0,0.033547104537893536,0.2848422438842543,0.11777433038171617
2017-04-12,41900.0,0.033789030772541806,0.2868963946814965,0.11777433038171616
2017-04-13,42420.0,0.03420836957926548,0.2904569227300497,0.11777433038171617
2017-04-14,42020.0,0.03388580126640112,0.2877180550003934,0.11777433038171618
2017-04-17,41560.0,0.0335148477066071,0.28456835711128864,0.11777433038171617
2017-04-18,41500.0,0.033466462459677444,0.2841575269518402,0.11777433038171617
2017-04-19,40900.0,0.032982609990380905,0.28004922535735577,0.11777433038171617
2017-04-20,40280.0,0.03248262910544115,0.27580398037638854,0.11777433038171617
2017-04-21,40760.0,0.032869711080878376,0.27909062165197607,0.11777433038171617
2017-04-24,41240.0,0.03325679305631561,0.28237726292756365,0.11777433038171616
2017-04-25,42700.0,0.03443416739827053,0.2923741301408091,0.11777433038171617
2017-04-26,42800.0,0.03451480947648662,0.29305884707322316,0.11777433038171618
2017-04-27,43840.0,0.03535348708993396,0.3001799031703295,0.11777433038171618
2017-04-28,44620.0,0.035982495300019464,0.3055206952431593,0.11777433038171618
2017-05-02,44900.0,0.036208293119024515,0.3074379026539187,0.11777433038171617
2017-05-04,45520.0,0.03670827400396427,0.31168314763488597,0.11777433038171616
2017-05-08,47020.0,0.03791790517720563,0.32195390162109705,0.11777433038171617
2017-05-10,45600.0,0.036772787666537146,0.3122309211808172,0.11777433038171617
2017-05-11,45500.0,0.036692145588321054,0.3115462042484031,0.11777433038171617
2017-05-12,45820.0,0.03695020023861254,0.31373729843212816,0.11777433038171616
2017-05-15,46100.0,0.0371759980576176,0.31565450584288757,0.11777433038171618
2017-05-16,46380.0,0.03802150313967927,0.9392024328915612,0.04048275622819769
2017-05-17,46340.0,0.03798871184762263,0.938392426481133,0.04048275622819769
2017-05-18,45940.0,0.037660798927056184,0.9302923623768504,0.04048275622819769
2017-05-19,44720.0,0.03666066451932853,0.9055871668587887,0.040482756228197685
2017-05-22,45100.0,0.03697218179386665,0.9132822277578572,0.04048275622819769
2017-05-23,44920.0,0.036824620979611755,0.90963719891093,0.04048275622819769
2017-05-24,44880.0,0.03679182968755511,0.9088271925005017,0.04048275622819769
2017-05-25,45680.0,0.037447655528688,0.9250273207090668,0.04048275622819769
2017-05-26,46080.0,0.03777556844925444,0.9331273848133493,0.04048275622819769
2017-05-29,45620.0,0.03739846859060303,0.9238123110934244,0.04048275622819769
2017-05-30,44640.0,0.03659508193521524,0.9039671540379322,0.04048275622819769
2017-05-31,44700.0,0.03664426887330021,0.9051821636535746,0.04048275622819769
2017-06-01,44680.0,0.03662787322727189,0.9047771604483604,0.04048275622819769
2017-06-02,45960.0,0.03767719457308451,0.9306973655820646,0.04048275622819769
2017-06-05,45940.0,0.037660798927056184,0.9302923623768504,0.04048275622819769
2017-06-07,45300.0,0.037136138254149874,0.9173322598099984,0.040482756228197685
2017-06-08,45160.0,0.03702136873195162,0.9144972373734995,0.04048275622819769
2017-06-09,46100.0,0.037791964095282765,0.9335323880185635,0.04048275622819769
2017-06-12,45380.0,0.03720172083826317,0.9189522726308549,0.0404827562281977
2017-06-13,45400.0,0.037218116484291484,0.9193572758360691,0.040482756228197685
2017-06-14,45360.0,0.037185325192234844,0.9185472694256408,0.04048275622819769
2017-06-15,45680.0,0.037447655528688,0.9250273207090668,0.04048275622819769
2017-06-16,45580.0,0.03736567729854639,0.9230023046829962,0.04048275622819769
2017-06-19,46560.0,0.03816906395393418,0.9428474617384884,0.04048275622819769
2017-06-20,48140.0,0.03946431999017164,0.9748427149504045,0.04048275622819769
2017-06-21,47480.0,0.038923263671237,0.9614776091783382,0.0404827562281977
2017-06-22,47960.0,0.03931675917591673,0.9711976861034773,0.04048275622819769
2017-06-23,47620.0,0.039038033193435254,0.9643126316148372,0.04048275622819769
2017-06-26,48280.0,0.03957908951236989,0.9776777373869033,0.04048275622819769
2017-06-27,48300.0,0.03959548515839821,0.9780827405921175,0.04048275622819769
2017-06-28,47700.0,0.03910361577754855,0.9659326444356937,0.04048275622819769
2017-06-29,47940.0,0.03930036352988841,0.9707926828982633,0.040482756228197685
2017-06-30,47540.0,0.03897245060932197,0.9626926187939806,0.04048275622819769
2017-07-03,47220.0,0.03871012027286881,0.9562125675105546,0.04048275622819769
2017-07-04,47000.0,0.03852976816655727,0.9517575322531993,0.04048275622819769
2017-07-05,47580.0,0.039005241901378614,0.9635026252044089,0.0404827562281977
2017-07-06,48060.0,0.03939873740605834,0.973222702129548,0.04048275622819769
2017-07-07,47860.0,0.03923478094577512,0.9691726700774067,0.04048275622819769
2017-07-10,48660.0,0.03989060678690801,0.9853727982859718,0.04048275622819769
2017-07-11,49000.0,0.04016933276938949,0.992257852774612,0.04048275622819769
2017-07-12,49880.0,0.04089074119463567,1.0100779938040336,0.04048275622819769
2017-07-13,50560.0,0.04144819315959863,1.0238481027813138,0.0404827562281977
2017-07-14,50480.0,0.04138261057548533,1.0222280899604574,0.040482756228197685
2017-07-17,50640.0,0.041513775743711914,1.0254681156021703,0.04048275622819769
2017-07-18,50840.0,0.041677732203995135,1.0295181476543116,0.04048275622819769
2017-07-19,50740.0,0.041595753973853525,1.027493131628241,0.04048275622819769
2017-07-20,51200.0,0.04197285383250494,1.036808205348166,0.04048275622819769
2017-07-21,51080.0,0.041874479956335,1.0343781861168813,0.04048275622819769
2017-07-24,50860.0,0.04169412785002346,1.029923150859526,0.040482756228197685
2017-07-25,50000.0,0.040989115070805604,1.0125080130353183,0.04048275622819769
2017-07-26,49840.0,0.04085794990257902,1.0092679873936052,0.04048275622819769
2017-07-27,49800.0,0.04082515861052238,1.008457980983177,0.04048275622819769
2017-07-28,47760.0,0.03915280271563351,0.9671476540513361,0.04048275622819769
2017-07-31,48200.0,0.0395135069282566,0.9760577245660469,0.04048275622819769
2017-08-01,48600.0,0.03984141984882304,0.9841577886703294,0.040482756228197685
2017-08-02,49000.0,0.04016933276938949,0.992257852774612,0.04048275622819769
2017-08-03,47780.0,0.039169198361661835,0.9675526572565502,0.04048275622819769
2017-08-04,47700.0,0.03910361577754855,0.9659326444356937,0.04048275622819769
2017-08-07,47580.0,0.039005241901378614,0.9635026252044089,0.0404827562281977
2017-08-08,47720.0,0.039120011423576864,0.9663376476409078,0.04048275622819769
2017-08-09,46280.0,0.03793952490953766,0.9371774168654906,0.04048275622819769
2017-08-10,45900.0,0.037628007634999544,0.9294823559664223,0.04048275622819769
2017-08-11,44620.0,0.03657868628918692,0.9035621508327181,0.04048275622819769
2017-08-14,45000.0,0.03689020356372504,0.9112572117317865,0.04048275622819769
2017-08-16,46200.0,0.03581937414169125,0.38366291114863993,0.09336157627134824
2017-08-17,47040.0,0.036470635489722,0.3906386004422515,0.09336157627134825
2017-08-18,46900.0,0.036362091931716876,0.3894759855599829,0.09336157627134825
2017-08-21,46840.0,0.036315573264000395,0.38897772203901065,0.09336157627134825
2017-08-22,47000.0,0.03643962304457768,0.3903064247616034,0.09336157627134825
2017-08-23,47480.0,0.03681177238630954,0.39429253292938143,0.09336157627134826
2017-08-24,47520.0,0.03684278483145386,0.39462470861002963,0.09336157627134825
2017-08-25,47020.0,0.03645512926714984,0.39047251260192745,0.09336157627134825
2017-08-28,46100.0,0.03574184302883045,0.38283247194701947,0.09336157627134825
2017-08-29,46080.0,0.03572633680625829,0.3826663841066954,0.09336157627134825
2017-08-30,46200.0,0.03581937414169125,0.38366291114863993,0.09336157627134824
2017-08-31,46320.0,0.03591241147712421,0.3846594381905844,0.09336157627134825
2017-09-01,46480.0,0.0360364612577015,0.3859881409131771,0.09336157627134824
2017-09-04,46040.0,0.035695324361113966,0.3823342084260472,0.09336157627134825
2017-09-05,46760.0,0.03625354837371175,0.3883133706777143,0.09336157627134825
2017-09-06,47000.0,0.03643962304457768,0.3903064247616034,0.09336157627134825
2017-09-07,48120.0,0.03730797150861868,0.3996073438197522,0.09336157627134824
2017-09-08,49080.0,0.03805227019208239,0.4075795601553084,0.09336157627134824
2017-09-11,49800.0,0.03861049420468018,0.4135587224069755,0.09336157627134824
2017-09-12,49600.0,0.03845543197895857,0.41189784400373464,0.09336157627134824
2017-09-13,49620.0,0.03847093820153073,0.4120639318440587,0.09336157627134825
2017-09-14,50300.0,0.0389981497689842,0.4177109184150776,0.09336157627134825
2017-09-15,50400.0,0.039075680881845,0.4185413576166981,0.09336157627134825
2017-09-18,52480.0,0.04068832802934971,0.4358144930104031,0.09336157627134824
2017-09-19,52120.0,0.04040921602305082,0.4328249118845695,0.09336157627134825
2017-09-20,52220.0,0.040486747135911626,0.43365535108618997,0.09336157627134825
2017-09-21,52800.0,0.04093642759050429,0.4384718984555885,0.09336157627134825
2017-09-22,53000.0,0.041091489816225894,0.44013277685882934,0.09336157627134825
2017-09-25,53620.0,0.04157218271596288,0.445281499908876,0.09336157627134825
2017-09-26,51660.0,0.04005257290389112,0.4290048915571155,0.09336157627134825
2017-09-27,51680.0,0.040068079126463284,0.4291709793974396,0.09336157627134825
2017-09-28,51260.0,0.03974244845244791,0.4256831347506338,0.09336157627134825
2017-09-29,51280.0,0.03975795467502007,0.42584922259095787,0.09336157627134825
2017-10-10,52800.0,0.04093642759050429,0.4384718984555885,0.09336157627134825
2017-10-11,54640.0,0.042363000067143074,0.45375197976540443,0.09336157627134825
2017-10-12,54800.0,0.04248704984772036,0.4550806824879971,0.09336157627134825
2017-10-13,54000.0,0.04186680094483393,0.44843716887503365,0.09336157627134825
2017-10-16,53920.0,0.04180477605454529,0.4477728175137373,0.09336157627134825
2017-10-17,54800.0,0.04248704984772036,0.4550806824879971,0.09336157627134825
2017-10-18,54760.0,0.04245603740257604,0.45474850680734896,0.09336157627134825
2017-10-19,52980.0,0.041075983593653734,0.4399666890185052,0.09336157627134825
2017-10-20,53840.0,0.041742751164256645,0.447108466152441,0.09336157627134825
2017-10-23,54300.0,0.04209939428341634,0.450928486479895,0.09336157627134824
2017-10-24,54040.0,0.04189781338997825,0.44876934455568185,0.09336157627134824
2017-10-25,53900.0,0.041789269831973126,0.4476067296734132,0.09336157627134825
2017-10-26,52400.0,0.04062630313906107,0.4351501416491067,0.09336157627134825
2017-10-27,53080.0,0.041153514706514537,0.4407971282201257,0.09336157627134825
2017-10-30,54040.0,0.04189781338997825,0.44876934455568185,0.09336157627134824
2017-10-31,55080.0,0.042704136963730606,0.45740591225253435,0.09336157627134824
2017-11-01,57220.0,0.044363302778951806,0.47517731116721157,0.09336157627134825
2017-11-02,57060.0,0.04423925299837452,0.4738486084446189,0.09336157627134825
2017-11-03,56380.0,0.043712041430921056,0.4682016218735999,0.09336157627134825
2017-11-06,56380.0,0.043712041430921056,0.4682016218735999,0.09336157627134825
2017-11-07,56100.0,0.04349495431491081,0.46587639210906273,0.09336157627134826
2017-11-08,56760.0,0.044006659659792106,0.4713572908397576,0.09336157627134825
2017-11-09,56340.0,0.043681028985776735,0.4678694461929518,0.09336157627134825
2017-11-10,56400.0,0.043727547653493216,0.46836770971392405,0.09336157627134825
2017-11-13,56380.0,0.043712041430921056,0.4682016218735999,0.09336157627134825
2017-11-14,55920.0,0.043355398311761356,0.46438160154614594,0.09336157627134825
2017-11-15,55340.0,0.04087224388828561,0.28770328324404537,0.1420638771564368
2017-11-16,55780.0,0.04119721293980071,0.28999076869087187,0.14206387715643684
2017-11-17,55820.0,0.04122675558084754,0.29019872191331064,0.14206387715643684
2017-11-20,55200.0,0.040768844644621716,0.28697544696550964,0.14206387715643684
2017-11-21,55280.0,0.04082792992671537,0.2873913534103872,0.14206387715643684
2017-11-22,55960.0,0.04133015482451143,0.2909265581918464,0.1420638771564368
2017-11-23,55300.0,0.04084270124723878,0.2874953300216066,0.1420638771564368
2017-11-24,55460.0,0.04096087181142609,0.2883271429113617,0.1420638771564368
2017-11-27,52640.0,0.03887811561762477,0.27366644072942803,0.14206387715643684
2017-11-28,53280.0,0.039350797874374004,0.27699369228844845,0.14206387715643684
2017-11-29,52600.0,0.03884857297657794,0.27345848750698926,0.14206387715643684
2017-11-30,50800.0,0.03751915412947071,0.2641005924972444,0.14206387715643684
2017-12-01,50840.0,0.03754869677051754,0.26430854571968315,0.14206387715643684
2017-12-04,51340.0,0.037917979783602875,0.26690796100016784,0.1420638771564368
2017-12-05,51260.0,0.03785889450150922,0.2664920545552903,0.1420638771564368
2017-12-06,50020.0,0.03694307262905758,0.2600455046596883,0.14206387715643684
2017-12-07,50740.0,0.03747484016790047,0.2637886626635862,0.14206387715643684
2017-12-08,52000.0,0.03840543336087553,0.2703391891704076,0.14206387715643684
2017-12-11,51780.0,0.03824294883511798,0.2691954464469944,0.14206387715643684
2017-12-12,52100.0,0.0384792899634926,0.27085907222650457,0.14206387715643684
2017-12-13,51320.0,0.037903208463079464,0.2668039843889485,0.1420638771564368
2017-12-14,51060.0,0.037711181296275084,0.26545228844309643,0.1420638771564368
2017-12-15,50620.0,0.037386212244759985,0.2631648029962699,0.14206387715643684
2017-12-18,51200.0,0.03781458053993898,0.2661801247216321,0.14206387715643684
2017-12-19,51560.0,0.03808046430936043,0.2680517037235811,0.14206387715643684
2017-12-20,50880.0,0.037578239411564365,0.2645164989421219,0.14206387715643684
2017-12-21,49140.0,0.03629313452602737,0.25547053376603523,0.1420638771564368
2017-12-22,49700.0,0.03670673150068296,0.25838187888017805,0.14206387715643684
2017-12-26,48200.0,0.03559888246142693,0.250583633038724,0.1420638771564368
2017-12-27,49360.0,0.036455619051784925,0.25661427648944846,0.14206387715643684
2017-12-28,50960.0,0.03763732469365802,0.26493240538699947,0.14206387715643684
2018-01-02,51020.0,0.03768163865522826,0.26524433522065766,0.1420638771564368
2018-01-03,51620.0,0.03812477827093067,0.26836363355723925,0.14206387715643687
2018-01-04,51080.0,0.0377259526167985,0.2655562650543158,0.14206387715643684
2018-01-05,52120.0,0.03849406128401601,0.27096304883772393,0.14206387715643684
2018-01-08,52020.0,0.038420204681398944,0.270443165781627,0.14206387715643684
2018-01-09,50400.0,0.03722372771900243,0.26202106027285665,0.1420638771564368
2018-01-10,48840.0,0.03607156471817617,0.2539108845977444,0.14206387715643684
2018-01-11,48240.0,0.03562842510247376,0.25079158626116277,0.1420638771564368
2018-01-12,48200.0,0.03559888246142693,0.250583633038724,0.1420638771564368
2018-01-15,48540.0,0.035849994910324964,0.2523512354294536,0.14206387715643684
2018-01-16,50000.0,0.03692830130853416,0.2599415280484689,0.14206387715643684
2018-01-17,49620.0,0.036647646218589305,0.2579659724353005,0.14206387715643684
2018-01-18,49900.0,0.036854444705917096,0.2594216449923719,0.14206387715643687
2018-01-19,49320.0,0.0364260764107381,0.2564063232670097,0.14206387715643684
2018-01-22,48240.0,0.03562842510247376,0.25079158626116277,0.1420638771564368
2018-01-23,49160.0,0.03630790584655079,0.2555745103772546,0.14206387715643684
2018-01-24,49340.0,0.03644084773126151,0.2565102998782291,0.1420638771564368
2018-01-25,50260.0,0.03712032847533854,0.2612932239943209,0.14206387715643684
2018-01-26,50780.0,0.037504382808947294,0.26399661588602497,0.14206387715643684
2018-01-29,51220.0,0.03782935186046239,0.2662841013328515,0.1420638771564368
2018-01-30,49800.0,0.036780588103300024,0.258901761936275,0.1420638771564368
2018-01-31,49900.0,0.036854444705917096,0.2594216449923719,0.14206387715643687
2018-02-01,49820.0,0.03679535942382344,0.25900573854749437,0.14206387715643684
2018-02-02,47700.0,0.03522959944834159,0.2479842177582393,0.14206387715643684
2018-02-05,47920.0,0.03539208397409914,0.24912796048165256,0.14206387715643684
2018-02-06,47420.0,0.035022800961013796,0.24652854520116788,0.1420638771564368
2018-02-07,45800.0,0.03382632399861729,0.2381064396923975,0.1420638771564368
2018-02-08,46000.0,0.03397403720385143,0.23914620580459137,0.1420638771564368
2018-02-09,44700.0,0.03301390136982954,0.23238772607533117,0.14206387715643684
2018-02-12,45720.0,0.03376723871652364,0.23769053324751993,0.14206387715643684
2018-02-13,47540.0,0.03511142888415428,0.24715240486848422,0.1420638771564368
2018-02-14,49000.0,0.03618973528236348,0.2547426974874995,0.14206387715643684
2018-02-19,48380.0,0.035731824346137656,0.2515194225396985,0.1420638771564368
2018-02-20,47400.0,0.035008029640490386,0.2464245685899485,0.14206387715643684
2018-02-21,47280.0,0.034919401717349904,0.24580070892263217,0.14206387715643684
2018-02-22,46760.0,0.03453534738374115,0.2430973170309281,0.14206387715643684
2018-02-23,47220.0,0.03487508775577966,0.245488779088974,0.1420638771564368
2018-02-26,47380.0,0.03499325831996697,0.2463205919787291,0.1420638771564368
2018-02-27,47380.0,0.03499325831996697,0.2463205919787291,0.1420638771564368
2018-02-28,47060.0,0.03475691719159235,0.2446569661992189,0.14206387715643684
2018-03-02,46020.0,0.033988808524374844,0.23925018241581075,0.14206387715643684
2018-03-05,45200.0,0.033383184382914884,0.23498714135581586,0.14206387715643684
2018-03-06,47020.0,0.034727374550545524,0.24444901297678012,0.14206387715643684
2018-03-07,48620.0,0.03590908019241862,0.25276714187433114,0.14206387715643684
2018-03-08,49200.0,0.036337448487597616,0.25578246359969337,0.14206387715643684
2018-03-09,49740.0,0.03673627414172979,0.2585898321026168,0.14206387715643684
2018-03-12,49740.0,0.03673627414172979,0.2585898321026168,0.14206387715643684
2018-03-13,51660.0,0.0381543209119775,0.268571586779678,0.14206387715643687
2018-03-14,51760.0,0.038228177514594563,0.269091469835775,0.14206387715643684
2018-03-15,51540.0,0.03806569298883701,0.2679477271123617,0.14206387715643684
2018-03-16,51140.0,0.03777026657836874,0.265868194887974,0.1420638771564368
2018-03-19,50740.0,0.03747484016790047,0.2637886626635862,0.14206387715643684
2018-03-20,51200.0,0.03781458053993898,0.2661801247216321,0.14206387715643684
2018-03-21,51060.0,0.037711181296275084,0.26545228844309643,0.1420638771564368
2018-03-22,51780.0,0.03824294883511798,0.2691954464469944,0.14206387715643684
2018-03-23,49720.0,0.03672150282120637,0.25848585549139746,0.1420638771564368
2018-03-26,50280.0,0.03713509979586195,0.2613972006055403,0.14206387715643684
2018-03-27,49980.0,0.03691352998801075,0.2598375514372495,0.1420638771564368
2018-03-28,48700.0,0.03596816547451227,0.2531830483192087,0.14206387715643684
2018-03-29,49040.0,0.03621927792341031,0.2549506507099383,0.14206387715643684
2018-03-30,49220.0,0.03635221980812103,0.2558864402109128,0.1420638771564368
2018-04-02,48540.0,0.035214835140171666,0.17904391338824963,0.19668267116017338
2018-04-03,48120.0,0.03491013322919366,0.17749470770998294,0.19668267116017335
2018-04-04,46920.0,0.03403955634068509,0.17306840577207813,0.19668267116017335
2018-04-05,48740.0,0.03535993128825642,0.17978163037790043,0.19668267116017335
2018-04-06,48400.0,0.03511326783651233,0.17852751149549406,0.19668267116017335
2018-04-09,49200.0,0.03569365242885138,0.18147837945409726,0.19668267116017338
2018-04-10,48880.0,0.03546149859191576,0.180298032270656,0.19668267116017338
2018-04-11,48860.0,0.03544698897710728,0.18022426057169091,0.19668267116017338
2018-04-12,49000.0,0.03554855628076661,0.18074066246444648,0.19668267116017335
2018-04-13,49800.0,0.03612894087310566,0.18369153042304967,0.19668267116017338
2018-04-16,50340.0,0.036520700472934514,0.18568336629510684,0.19668267116017335
2018-04-17,49980.0,0.03625952740638195,0.1843554757137354,0.19668267116017338
2018-04-18,51360.0,0.037260690828166805,0.18944572294232592,0.19668267116017338
2018-04-19,52780.0,0.03829087347956861,0.1946835135688466,0.19668267116017338
2018-04-20,51620.0,0.037449315820676995,0.19040475502887197,0.19668267116017338
2018-04-23,51900.0,0.03765245042799566,0.1914375588143831,0.19668267116017335
2018-04-24,50460.0,0.036607758161785374,0.18612599648889733,0.19668267116017335
2018-04-25,50400.0,0.03656422931735995,0.18590468139200209,0.19668267116017338
2018-04-26,52140.0,0.03782656580569737,0.19232281920196406,0.19668267116017335
2018-04-27,53000.0,0.038450479242461845,0.1954950022574625,0.19668267116017335
2018-04-30,53000.0,0.038450479242461845,0.1954950022574625,0.19668267116017335
2018-05-02,53000.0,0.038450479242461845,0.1954950022574625,0.19668267116017335
2018-05-03,53000.0,0.038450479242461845,0.1954950022574625,0.19668267116017335
2018-05-04,51900.0,0.03765245042799566,0.1914375588143831,0.19668267116017335
2018-05-08,52600.0,0.038160286946292324,0.19401956827816091,0.19668267116017335
2018-05-09,50900.0,0.03692696968757185,0.1877489738661291,0.19668267116017335
2018-05-10,51600.0,0.03743480620586852,0.1903309833299069,0.19668267116017338
2018-05-11,51300.0,0.03721716198374137,0.18922440784543068,0.19668267116017338
2018-05-14,50100.0,0.0363465850952328,0.18479810590752588,0.19668267116017335
2018-05-15,49200.0,0.03569365242885138,0.18147837945409726,0.19668267116017338
2018-05-16,49850.0,0.03474483901899436,0.663652255576058,0.05235398316974819
2018-05-17,49400.0,0.03443119453436954,0.6576614127473875,0.05235398316974818
2018-05-18,49500.0,0.034500893308730615,0.6589927111537587,0.052353983169748194
2018-05-21,50000.0,0.03484938718053597,0.6656492031856148,0.05235398316974819
2018-05-23,51800.0,0.03610396511903527,0.689612574500297,0.05235398316974819
2018-05-24,51400.0,0.03582517002159098,0.6842873808748121,0.05235398316974819
2018-05-25,52700.0,0.03673125408828491,0.701594260157638,0.05235398316974819
2018-05-28,52300.0,0.036452458990840625,0.6962690665321531,0.05235398316974819
2018-05-29,51300.0,0.03575547124722991,0.6829560824684409,0.05235398316974819
2018-05-30,49500.0,0.034500893308730615,0.6589927111537587,0.052353983169748194
2018-05-31,50700.0,0.035337278601063477,0.6749682920302135,0.05235398316974819
2018-06-01,51300.0,0.03575547124722991,0.6829560824684409,0.05235398316974819
2018-06-04,51100.0,0.035616073698507764,0.6802934856556984,0.05235398316974819
2018-06-05,51300.0,0.03575547124722991,0.6829560824684409,0.05235398316974819
2018-06-07,50600.0,0.0352675798267024,0.6736369936238422,0.05235398316974819
2018-06-08,49650.0,0.03460544147027222,0.6609896587633156,0.05235398316974818
2018-06-11,49900.0,0.0347796884061749,0.6643179047792437,0.05235398316974819
2018-06-12,49400.0,0.03443119453436954,0.6576614127473875,0.05235398316974818
2018-06-14,48200.0,0.03359480924203668,0.6416858318709328,0.05235398316974819
2018-06-15,47650.0,0.03321146598305078,0.6343636906358909,0.052353983169748194
2018-06-18,46600.0,0.03247962885225952,0.6203850573689931,0.05235398316974818
2018-06-19,47000.0,0.03275842394970381,0.625710250994478,0.05235398316974818
2018-06-20,47000.0,0.03275842394970381,0.625710250994478,0.05235398316974818
2018-06-21,47050.0,0.03279327333688435,0.6263759001976635,0.052353983169748194
2018-06-22,47250.0,0.032932670885606495,0.629038497010406,0.05235398316974819
2018-06-25,46650.0,0.032514478239440064,0.6210507065721786,0.052353983169748194
2018-06-26,47000.0,0.03275842394970381,0.625710250994478,0.05235398316974818
2018-06-27,47950.0,0.033420562306133994,0.6383575858550047,0.05235398316974818
2018-06-28,46800.0,0.03261902640098167,0.6230476541817355,0.05235398316974819
2018-06-29,46650.0,0.032514478239440064,0.6210507065721786,0.052353983169748194
2018-07-02,45550.0,0.03174779172146827,0.6064064241020951,0.052353983169748194
2018-07-03,46150.0,0.0321659843676347,0.6143942145403225,0.05235398316974819
2018-07-04,46250.0,0.03223568314199578,0.6157255129466938,0.052353983169748194
2018-07-05,45950.0,0.03202658681891256,0.6117316177275801,0.05235398316974818
2018-07-06,44900.0,0.0312947496881213,0.5977529844606821,0.05235398316974818
2018-07-09,45600.0,0.031782641108648806,0.6070720733052808,0.05235398316974818
2018-07-10,46300.0,0.03227053252917631,0.6163911621498793,0.052353983169748194
2018-07-11,46000.0,0.03206143620609309,0.6123972669307657,0.05235398316974819
2018-07-12,45500.0,0.03171294233428774,0.6057407748989095,0.05235398316974819
2018-07-13,46500.0,0.032409930077898455,0.6190537589626218,0.05235398316974819
2018-07-16,46050.0,0.03209628559327363,0.6130629161339513,0.05235398316974819
2018-07-17,45850.0,0.03195688804455148,0.6104003193212089,0.05235398316974818
2018-07-18,46550.0,0.03244477946507899,0.6197194081658074,0.05235398316974819
2018-07-19,46900.0,0.03268872517534274,0.6243789525881067,0.05235398316974819
2018-07-20,47450.0,0.03307206843432864,0.6317010938231485,0.05235398316974819
2018-07-23,46500.0,0.032409930077898455,0.6190537589626218,0.05235398316974819
2018-07-24,46150.0,0.0321659843676347,0.6143942145403225,0.05235398316974819
2018-07-25,46150.0,0.0321659843676347,0.6143942145403225,0.05235398316974819
2018-07-26,46900.0,0.03268872517534274,0.6243789525881067,0.05235398316974819
2018-07-27,46900.0,0.03268872517534274,0.6243789525881067,0.05235398316974819
2018-07-30,46500.0,0.032409930077898455,0.6190537589626218,0.05235398316974819
2018-07-31,46250.0,0.03223568314199578,0.6157255129466938,0.052353983169748194
2018-08-01,46550.0,0.03244477946507899,0.6197194081658074,0.05235398316974819
2018-08-02,45550.0,0.03174779172146827,0.6064064241020951,0.052353983169748194
2018-08-03,45750.0,0.031887189270190415,0.6090690209148376,0.05235398316974819
2018-08-06,45800.0,0.03192203865737095,0.6097346701180232,0.05235398316974819
2018-08-07,46700.0,0.0325493276266206,0.6217163557753643,0.05235398316974819
2018-08-08,46800.0,0.03261902640098167,0.6230476541817355,0.05235398316974819
2018-08-09,46900.0,0.03268872517534274,0.6243789525881067,0.05235398316974819
2018-08-10,45400.0,0.03164324355992666,0.6044094764925383,0.05235398316974819
2018-08-13,45050.0,0.03139929784966291,0.599749932070239,0.05235398316974819
2018-08-14,45150.0,1.506867363279105,15.453497292533912,0.0975097956633494
2018-08-16,44250.0,1.476830140090817,15.145454157134566,0.09750979566334939
2018-08-17,44100.0,1.4718239362261025,15.094113634568007,0.0975097956633494
2018-08-20,43850.0,1.4634802631182446,15.008546096957078,0.09750979566334939
2018-08-21,44800.0,1.4951862209281042,15.33370273987861,0.0975097956633494
2018-08-22,46100.0,1.5385733210889643,15.778653935455445,0.0975097956633494
2018-08-23,46200.0,1.5419107903321074,15.812880950499817,0.0975097956633494
2018-08-24,46150.0,1.5402420557105359,15.795767442977631,0.0975097956633494
2018-08-27,46300.0,1.5452482595752504,15.847107965544188,0.0975097956633494
2018-08-28,46550.0,1.5535919326831082,15.932675503155119,0.0975097956633494
2018-08-29,46800.0,1.561935605790966,16.01824304076605,0.0975097956633494
2018-08-30,47650.0,1.590304094357682,16.30917266864321,0.09750979566334939
2018-08-31,48450.0,1.6170038483028268,16.582988788998186,0.09750979566334939
2018-09-03,47450.0,1.583629155871396,16.240718638554466,0.0975097956633494
2018-09-04,47650.0,1.590304094357682,16.30917266864321,0.09750979566334939
2018-09-05,46600.0,1.5552606673046796,15.949789010677305,0.09750979566334939
2018-09-06,46100.0,1.5385733210889643,15.778653935455445,0.0975097956633494
2018-09-07,44900.0,1.498523690171247,15.367929754922983,0.09750979566334939
2018-09-10,45500.0,1.5185485056301058,15.573291845189214,0.0975097956633494
2018-09-11,45050.0,1.5035298940359618,15.41927027748954,0.0975097956633494
2018-09-12,44550.0,1.4868425478202463,15.248135202267681,0.09750979566334939
2018-09-13,44050.0,1.470155201604531,15.077000127045821,0.0975097956633494
2018-09-14,45850.0,1.5302296479811066,15.693086397844516,0.0975097956633494
2018-09-17,45150.0,1.506867363279105,15.453497292533912,0.0975097956633494
2018-09-18,45500.0,1.5185485056301058,15.573291845189214,0.0975097956633494
2018-09-19,46150.0,1.5402420557105359,15.795767442977631,0.0975097956633494
2018-09-20,47250.0,1.5769542173851099,16.17226460846572,0.09750979566334941
2018-09-21,47400.0,1.5819604212498244,16.22360513103228,0.0975097956633494
2018-09-27,47500.0,1.5852978904929675,16.25783214607665,0.0975097956633494
2018-09-28,46450.0,1.550254463439965,15.898448488110747,0.0975097956633494
2018-10-01,46350.0,1.546916994196822,15.864221473066374,0.0975097956633494
2018-10-02,45700.0,1.5252234441163919,15.641745875277957,0.0975097956633494
2018-10-04,44700.0,1.491848751684961,15.299475724834238,0.0975097956633494
2018-10-05,44700.0,1.491848751684961,15.299475724834238,0.0975097956633494
2018-10-08,44950.0,1.5001924247928187,15.385043262445167,0.0975097956633494
2018-10-10,45300.0,1.5118735671438195,15.504837815100469,0.0975097956633494
2018-10-11,43100.0,1.4384492437946717,14.751843484124288,0.0975097956633494
2018-10-12,44000.0,1.4684864669829594,15.059886619523635,0.0975097956633494
2018-10-15,43800.0,1.4618115284966733,14.991432589434892,0.0975097956633494
2018-10-16,43600.0,1.455136590010387,14.922978559346147,0.0975097956633494
2018-10-17,44150.0,1.473492670847674,15.111227142090193,0.0975097956633494
2018-10-18,44050.0,1.470155201604531,15.077000127045821,0.0975097956633494
2018-10-19,43900.0,1.4651489977398162,15.025659604479264,0.09750979566334939
2018-10-22,43550.0,1.4534678553888154,14.905865051823962,0.09750979566334939
2018-10-23,43050.0,1.4367805091731,14.734729976602102,0.0975097956633494
2018-10-24,42550.0,1.4200931629573845,14.563594901380243,0.09750979566334939
2018-10-25,41000.0,1.3683623896886667,14.033076168192478,0.0975097956633494
2018-10-26,41000.0,1.3683623896886667,14.033076168192478,0.0975097956633494
2018-10-29,41400.0,1.3817122666612391,14.169984228369966,0.0975097956633494
2018-10-30,42350.0,1.4134182244710984,14.495140871291499,0.0975097956633494
2018-10-31,42400.0,1.41508695909267,14.512254378813685,0.0975097956633494
2018-11-01,42150.0,1.4067432859848121,14.426686841202756,0.09750979566334939
2018-11-02,44150.0,1.473492670847674,15.111227142090193,0.0975097956633494
2018-11-05,43800.0,1.4618115284966733,14.991432589434892,0.0975097956633494
2018-11-06,43750.0,1.4601427938751017,14.974319081912705,0.0975097956633494
2018-11-07,44000.0,1.4684864669829594,15.059886619523635,0.0975097956633494
2018-11-08,44050.0,1.470155201604531,15.077000127045821,0.0975097956633494
2018-11-09,44300.0,1.4784988747123886,15.16256766465675,0.0975097956633494
2018-11-12,45200.0,1.5085360979006763,15.470610800056098,0.09750979566334939
2018-11-13,44500.0,1.485173813198675,15.231021694745495,0.0975097956633494
2018-11-14,44100.0,1.4718239362261025,15.094113634568007,0.0975097956633494
2018-11-15,44250.0,1.4220623865462971,9.594765046894084,0.14821231990528336
2018-11-16,44000.0,1.414028135774849,9.54055733476474,0.14821231990528333
2018-11-19,43650.0,1.4027801846948218,9.464666537783657,0.14821231990528333
2018-11-20,42800.0,1.3754637320718985,9.280360316543883,0.14821231990528336
2018-11-21,42100.0,1.3529678299118442,9.128578722581716,0.14821231990528336
2018-11-22,42450.0,1.3642157809918714,9.2044695195628,0.14821231990528336
2018-11-23,42400.0,1.3626089308375817,9.19362797713693,0.14821231990528333
2018-11-26,42600.0,1.3690363314547402,9.236994146840408,0.14821231990528333
2018-11-27,43050.0,1.3834979828433467,9.334568028673228,0.14821231990528336
2018-11-28,43150.0,1.3867116831519257,9.356251113524966,0.14821231990528333
2018-11-29,43150.0,1.3867116831519257,9.356251113524966,0.14821231990528333
2018-11-30,41850.0,1.3449335791403962,9.07437101045237,0.14821231990528336
2018-12-03,43250.0,1.389925383460505,9.377934198376703,0.14821231990528336
2018-12-04,42150.0,1.3545746800661338,9.139420265007585,0.14821231990528336
2018-12-05,41450.0,1.3320787779060794,8.987638671045419,0.14821231990528336
2018-12-06,40500.0,1.301548624974577,8.781649364953907,0.14821231990528336
2018-12-07,40950.0,1.3160102763631834,8.87922324678673,0.14821231990528333
2018-12-10,40200.0,1.2919075240488394,8.716600110398694,0.14821231990528333
2018-12-11,40250.0,1.293514374203129,8.727441652824563,0.14821231990528336
2018-12-12,40450.0,1.2999417748202873,8.770807822528038,0.14821231990528336
2018-12-13,40000.0,1.285480123431681,8.673233940695217,0.14821231990528336
2018-12-14,38950.0,1.2517362701915993,8.445561549751968,0.14821231990528336
2018-12-17,39150.0,1.2581636708087578,8.488927719455445,0.14821231990528336
2018-12-18,38900.0,1.2501294200373096,8.4347200073261,0.14821231990528333
2018-12-19,39100.0,1.2565568206544682,8.478086177029574,0.14821231990528336
2018-12-20,38650.0,1.2420951692658617,8.380512295196754,0.14821231990528336
2018-12-21,38650.0,1.2420951692658617,8.380512295196754,0.14821231990528336
2018-12-24,38800.0,1.2469157197287306,8.413036922474362,0.14821231990528336
2018-12-26,38350.0,1.2324540683401242,8.31546304064154,0.14821231990528336
2018-12-27,38250.0,1.229240368031545,8.293779955789802,0.14821231990528336
2018-12-28,38700.0,1.2437020194201514,8.391353837622622,0.14821231990528336
2019-01-02,38750.0,1.245308869574441,8.402195380048491,0.14821231990528339
2019-01-03,37600.0,1.2083513160257802,8.152839904253504,0.14821231990528336
2019-01-04,37450.0,1.2035307655629113,8.120315276975898,0.14821231990528333
2019-01-07,38750.0,1.245308869574441,8.402195380048491,0.14821231990528339
2019-01-08,38100.0,1.224419817568676,8.261255328512195,0.14821231990528333
2019-01-09,39600.0,1.2726253221973642,8.586501601288266,0.14821231990528336
2019-01-10,39800.0,1.2790527228145225,8.62986777099174,0.14821231990528336
2019-01-11,40500.0,1.301548624974577,8.781649364953907,0.14821231990528336
2019-01-14,40050.0,1.2870869735859705,8.684075483121086,0.14821231990528336
2019-01-15,41100.0,1.3208308268260522,8.911747874064336,0.14821231990528336
2019-01-16,41450.0,1.3320787779060794,8.987638671045419,0.14821231990528336
2019-01-17,41950.0,1.3481472794489755,9.09605409530411,0.14821231990528336
2019-01-18,42300.0,1.3593952305290027,9.171944892285193,0.14821231990528336
2019-01-21,42750.0,1.373856881917609,9.269518774118014,0.14821231990528333
2019-01-22,42150.0,1.3545746800661338,9.139420265007585,0.14821231990528336
2019-01-23,42000.0,1.349754129603265,9.106895637729979,0.14821231990528333
2019-01-24,43050.0,1.3834979828433467,9.334568028673228,0.14821231990528336
2019-01-25,44750.0,1.438130888089193,9.703180471152775,0.14821231990528333
2019-01-28,45050.0,1.4477719890149308,9.76822972570799,0.14821231990528336
2019-01-29,45500.0,1.462233640403537,9.86580360754081,0.14821231990528333
2019-01-30,46400.0,1.4911569431807499,10.060951371206452,0.14821231990528336
2019-01-31,46150.0,1.483122692409302,10.006743659077108,0.14821231990528336
2019-02-01,46350.0,1.4895500930264602,10.050109828780583,0.14821231990528336
2019-02-07,46200.0,1.4847295425635916,10.017585201502976,0.14821231990528336
2019-02-08,44800.0,1.4397377382434826,9.714022013578644,0.14821231990528333
2019-02-11,45000.0,1.4461651388606411,9.757388183282119,0.14821231990528336
2019-02-12,46050.0,1.4799089921007227,9.985060574225368,0.14821231990528336
2019-02-13,46200.0,1.4847295425635916,10.017585201502976,0.14821231990528336
2019-02-14,47500.0,1.526507646575121,10.299465304575572,0.14821231990528333
2019-02-15,46050.0,1.4799089921007227,9.985060574225368,0.14821231990528336
2019-02-18,46200.0,1.4847295425635916,10.017585201502976,0.14821231990528336
2019-02-19,45950.0,1.4766952917921434,9.96337748937363,0.14821231990528336
2019-02-20,46900.0,1.507225444723646,10.169366795465143,0.14821231990528336
2019-02-21,46950.0,1.5088322948779356,10.180208337891012,0.14821231990528336
2019-02-22,47150.0,1.5152596954950939,10.223574507594488,0.14821231990528333
2019-02-25,47350.0,1.5216870961122524,10.266940677297963,0.14821231990528336
2019-02-26,46750.0,1.502404894260777,10.136842168187535,0.14821231990528336
2019-02-27,46750.0,1.502404894260777,10.136842168187535,0.14821231990528336
2019-02-28,45100.0,1.4493788391692202,9.779071268133858,0.14821231990528333
2019-03-04,44850.0,1.4413445883977722,9.724863556004513,0.14821231990528336
2019-03-05,44250.0,1.4220623865462971,9.594765046894084,0.14821231990528336
2019-03-06,44000.0,1.414028135774849,9.54055733476474,0.14821231990528333
2019-03-07,44450.0,1.4284897871634554,9.63813121659756,0.14821231990528336
2019-03-08,43800.0,1.4076007351576907,9.497191165061263,0.14821231990528336
2019-03-11,43650.0,1.4027801846948218,9.464666537783657,0.14821231990528333
2019-03-12,44650.0,1.434917187780614,9.681497386301036,0.14821231990528336
2019-03-13,43850.0,1.4092075853119803,9.508032707487132,0.14821231990528336
2019-03-14,43850.0,1.4092075853119803,9.508032707487132,0.14821231990528336
2019-03-15,44200.0,1.4204555363920075,9.583923504468215,0.14821231990528336
2019-03-18,43700.0,1.4043870348491114,9.475508080209526,0.14821231990528333
2019-03-19,43900.0,1.41081443546627,9.518874249913,0.14821231990528336
2019-03-20,44050.0,1.4156349859291386,9.551398877190609,0.14821231990528333
2019-03-21,45850.0,1.4734815914835644,9.941694404521893,0.14821231990528336
2019-03-22,46550.0,1.4959774936436188,10.09347599848406,0.14821231990528336
2019-03-25,45500.0,1.462233640403537,9.86580360754081,0.14821231990528333
2019-03-26,45250.0,1.454199389632089,9.811595895411465,0.14821231990528336
2019-03-27,45350.0,1.4574130899406683,9.833278980263202,0.14821231990528336
2019-03-28,44850.0,1.4413445883977722,9.724863556004513,0.14821231990528336
2019-03-29,44650.0,1.434917187780614,9.681497386301036,0.14821231990528336
2019-04-01,45050.0,1.4477719890149308,9.76822972570799,0.14821231990528336
2019-04-02,45750.0,1.4367383975059986,8.027007562568079,0.17898804583240524
2019-04-03,46600.0,1.4634318977875307,8.17614322220049,0.1789880458324052
2019-04-04,46950.0,1.4744233390799264,8.237552023225602,0.1789880458324052
2019-04-05,46850.0,1.471282927282099,8.220006651504141,0.17898804583240524
2019-04-08,46650.0,1.4650021036864445,8.184915908061221,0.1789880458324052
2019-04-09,46650.0,1.4650021036864445,8.184915908061221,0.1789880458324052
2019-04-10,46700.0,1.466572309585358,8.193688593921951,0.1789880458324052
2019-04-11,46250.0,1.4524404564951352,8.11473442117538,0.17898804583240524
2019-04-12,46850.0,1.471282927282099,8.220006651504141,0.17898804583240524
2019-04-15,47050.0,1.4775637508777537,8.255097394947063,0.1789880458324052
2019-04-16,47250.0,1.4838445744734083,8.290188138389983,0.1789880458324052
2019-04-17,47050.0,1.4775637508777537,8.255097394947063,0.1789880458324052
2019-04-18,45600.0,1.4320277798092576,8.000689504985887,0.17898804583240524
2019-04-19,45300.0,1.4226065444157756,7.948053389821507,0.1789880458324052
2019-04-22,45350.0,1.4241767503146892,7.956826075682237,0.1789880458324052
2019-04-23,45200.0,1.4194661326179483,7.9305080181000465,0.17898804583240524
2019-04-24,44750.0,1.4053342795277253,7.851553845353475,0.1789880458324052
2019-04-25,44650.0,1.402193867729898,7.834008473632015,0.1789880458324052
2019-04-26,44850.0,1.4084746913255526,7.869099217074936,0.1789880458324052
2019-04-29,46150.0,1.4493000446973079,8.09718904945392,0.1789880458324052
2019-04-30,45850.0,1.439878809303826,8.04455293428954,0.1789880458324052
2019-05-02,45900.0,1.4414490152027395,8.053325620150268,0.17898804583240524
2019-05-03,45300.0,1.4226065444157756,7.948053389821507,0.1789880458324052
2019-05-07,44850.0,1.4084746913255526,7.869099217074936,0.1789880458324052
2019-05-08,44250.0,1.3896322205385887,7.763826986746174,0.1789880458324052
2019-05-09,42450.0,1.333104808177697,7.4480102957598895,0.1789880458324052
2019-05-10,42900.0,1.3472366612679199,7.526964468506461,0.1789880458324052
2019-05-13,42650.0,1.3393856317733517,7.4831010392028094,0.17898804583240524
2019-05-14,42650.0,1.3393856317733517,7.4831010392028094,0.17898804583240524
2019-05-15,42550.0,1.3362452199755244,7.4655556674813495,0.1789880458324052
2019-05-16,41550.0,1.2766950446026035,64.0969723916619,0.019918180172402083
2019-05-17,41200.0,1.2659406940463842,63.557046029758595,0.019918180172402083
2019-05-20,42000.0,1.290522066746314,64.79116342839468,0.019918180172402083
2019-05-21,43150.0,1.325857790002463,66.56520718893407,0.019918180172402083
2019-05-22,43500.0,1.3366121405586824,67.10513355083735,0.019918180172402083
2019-05-23,43850.0,1.3473664911149017,67.64505991274065,0.019918180172402083
2019-05-24,42700.0,1.3120307678587526,65.87101615220126,0.019918180172402083
2019-05-27,42650.0,1.3104944320650072,65.79388381478651,0.019918180172402086
2019-05-28,42550.0,1.3074217604775158,65.63961913995699,0.019918180172402086
2019-05-29,41800.0,1.2843767235713317,64.48263407873566,0.019918180172402086
2019-05-30,42550.0,1.3074217604775158,65.63961913995699,0.019918180172402086
2019-05-31,42500.0,1.3058854246837701,65.56248680254224,0.019918180172402083
2019-06-03,43800.0,1.345830155321156,67.56792757532588,0.019918180172402083
2019-06-04,43450.0,1.335075804764937,67.0280012134226,0.019918180172402086
2019-06-05,43900.0,1.3489028269086474,67.7221922501554,0.019918180172402083
2019-06-07,44200.0,1.358120841671121,68.18498627464393,0.019918180172402083
2019-06-10,44800.0,1.3765568711960683,69.110574323621,0.019918180172402083
2019-06-11,44850.0,1.378093206989814,69.18770666103575,0.019918180172402086
2019-06-12,44600.0,1.370411528021086,68.80204497396198,0.019918180172402083
2019-06-13,43750.0,1.3442938195274106,67.49079523791113,0.019918180172402086
2019-06-14,44000.0,1.3519754984961385,67.87645692498491,0.019918180172402083
2019-06-17,43900.0,1.3489028269086474,67.7221922501554,0.019918180172402083
2019-06-18,44350.0,1.3627298490523578,68.4163832868882,0.019918180172402083
2019-06-19,45350.0,1.39345656492727,69.9590300351833,0.019918180172402086
2019-06-20,45500.0,1.398065572308507,70.19042704742758,0.019918180172402083
2019-06-21,45700.0,1.4042109154834894,70.4989563970866,0.019918180172402083
2019-06-24,45500.0,1.398065572308507,70.19042704742758,0.019918180172402083
2019-06-25,45600.0,1.401138243895998,70.34469172225708,0.019918180172402086
2019-06-26,45700.0,1.4042109154834894,70.4989563970866,0.019918180172402083
2019-06-27,46500.0,1.4287922881834192,71.73307379572269,0.019918180172402083
2019-06-28,47000.0,1.4441556461208753,72.50439716987024,0.019918180172402083
2019-07-01,46600.0,1.4318649597709103,71.8873384705522,0.019918180172402086
2019-07-02,46250.0,1.421110609214691,71.34741210864891,0.019918180172402083
2019-07-03,45400.0,1.3949929007210158,70.03616237259807,0.019918180172402083
2019-07-04,46000.0,1.413428930245963,70.96175042157513,0.019918180172402083
2019-07-05,45650.0,1.4026745796897437,70.42182405967185,0.019918180172402083
2019-07-08,44400.0,1.3642661848461035,68.49351562430296,0.019918180172402083
2019-07-09,45100.0,1.385774885958542,69.57336834810953,0.019918180172402086
2019-07-10,45550.0,1.3996019081022526,70.26755938484233,0.019918180172402086
2019-07-11,46200.0,1.4195742734209456,71.27027977123416,0.019918180172402083
2019-07-12,46300.0,1.4226469450084367,71.42454444606366,0.019918180172402086
2019-07-15,46450.0,1.4272559523896735,71.65594145830794,0.019918180172402083
2019-07-16,46850.0,1.4395466387396385,72.27300015762597,0.019918180172402086
2019-07-17,46050.0,1.4149652660397087,71.03888275898989,0.019918180172402086
2019-07-18,46100.0,1.4165016018334542,71.11601509640464,0.019918180172402086
2019-07-19,46800.0,1.4380103029458928,72.19586782021122,0.019918180172402086
2019-07-22,47200.0,1.4503009892958578,72.81292651952927,0.019918180172402083
2019-07-23,47300.0,1.453373660883349,72.96719119435878,0.019918180172402086
2019-07-24,46400.0,1.425719616595928,71.57880912089318,0.019918180172402083
2019-07-25,47200.0,1.4503009892958578,72.81292651952927,0.019918180172402083
2019-07-26,47150.0,1.4487646535021121,72.73579418211452,0.019918180172402083
2019-07-29,46100.0,1.4165016018334542,71.11601509640464,0.019918180172402086
2019-07-30,46550.0,1.4303286239771649,71.81020613313744,0.019918180172402086
2019-07-31,45350.0,1.39345656492727,69.9590300351833,0.019918180172402086
2019-08-01,45200.0,1.3888475575460333,69.72763302293905,0.019918180172402083
2019-08-02,44950.0,1.381165878577305,69.34197133586527,0.019918180172402083
2019-08-05,43950.0,1.350439162702393,67.79932458757015,0.019918180172402086
2019-08-06,43500.0,1.3366121405586824,67.10513355083735,0.019918180172402083
2019-08-07,43200.0,1.3273941257962087,66.64233952634882,0.019918180172402083
2019-08-08,42650.0,1.3104944320650072,65.79388381478651,0.019918180172402086
2019-08-09,43150.0,1.325857790002463,66.56520718893407,0.019918180172402083
2019-08-12,43700.0,1.3427574837336649,67.41366290049638,0.019918180172402083
2019-08-13,43000.0,1.3212487826212262,66.3338101766898,0.019918180172402083
2019-08-14,43700.0,1.3191482169263227,33.25520196718342,0.03966742461008272
2019-08-16,43900.0,1.3251855085369695,33.40739968785702,0.03966742461008272
2019-08-19,43600.0,1.3161295711209993,33.17910310684661,0.03966742461008272
2019-08-20,44450.0,1.341788060466248,33.825943419709446,0.03966742461008271
2019-08-21,44500.0,1.3432973833689097,33.86399284987785,0.03966742461008271
2019-08-22,44050.0,1.3297134772449544,33.52154797836223,0.03966742461008271
2019-08-23,43950.0,1.3266948314396312,33.44544911802543,0.03966742461008271
2019-08-26,43600.0,1.3161295711209993,33.17910310684661,0.03966742461008272
2019-08-27,44050.0,1.3297134772449544,33.52154797836223,0.03966742461008271
2019-08-28,44150.0,1.3327321230502778,33.597646838699035,0.03966742461008271
2019-08-29,43400.0,1.3100922795103525,33.026905386173006,0.03966742461008271
2019-08-30,44000.0,1.3282041543422927,33.48349854819383,0.03966742461008271
2019-09-02,43800.0,1.322166862731646,33.331300827520224,0.03966742461008271
2019-09-03,43250.0,1.3055643108023673,32.9127570956678,0.03966742461008271
2019-09-04,44100.0,1.331222800147616,33.559597408530635,0.03966742461008271
2019-09-05,45700.0,1.3795211330327906,34.7771791739195,0.03966742461008272
2019-09-06,46300.0,1.3976330078647308,35.23377233594032,0.03966742461008272
2019-09-09,46900.0,1.4157448826966712,35.69036549796115,0.03966742461008271
2019-09-10,47000.0,1.4187635285019946,35.76646435829795,0.03966742461008272
2019-09-11,47150.0,1.4232914972099797,35.88061264880316,0.03966742461008272
2019-09-16,47100.0,1.421782174307318,35.84256321863476,0.03966742461008272
2019-09-17,46900.0,1.4157448826966712,35.69036549796115,0.03966742461008271
2019-09-18,47700.0,1.4398940491392582,36.29915638065558,0.03966742461008271
2019-09-19,49150.0,1.4836644133164476,37.40258985553925,0.03966742461008271
2019-09-20,49200.0,1.485173736219109,37.44063928570765,0.03966742461008271
2019-09-23,49300.0,1.4881923820244325,37.51673814604445,0.039667424610082706
2019-09-24,49500.0,1.4942296736350793,37.66893586671806,0.03966742461008271
2019-09-25,48900.0,1.476117798803139,37.212342704697235,0.03966742461008271
2019-09-26,49200.0,1.485173736219109,37.44063928570765,0.03966742461008271
2019-09-27,48400.0,1.461024569776522,36.83184840301321,0.03966742461008272
2019-09-30,49050.0,1.4806457675111242,37.32649099520244,0.03966742461008271
2019-10-01,48850.0,1.4746084759004774,37.17429327452883,0.03966742461008272
2019-10-02,47600.0,1.4368754033339348,36.22305752031878,0.039667424610082706
2019-10-04,48000.0,1.4489499865552284,36.52745296166599,0.03966742461008272
2019-10-07,47750.0,1.44140337204192,36.33720581082399,0.03966742461008271
2019-10-08,48900.0,1.476117798803139,37.212342704697235,0.03966742461008271
2019-10-10,48550.0,1.4655525384845072,36.94599669351842,0.03966742461008272
2019-10-11,49150.0,1.4836644133164476,37.40258985553925,0.03966742461008271
2019-10-14,50000.0,1.5093229026616963,38.04943016840208,0.03966742461008271
2019-10-15,50100.0,1.5123415484670197,38.12552902873888,0.03966742461008272
2019-10-16,50700.0,1.5304534232989602,38.58212219075971,0.03966742461008271
2019-10-17,50500.0,1.5244161316883134,38.4299244700861,0.03966742461008272
2019-10-18,49900.0,1.506304256856373,37.973331308065276,0.03966742461008271
2019-10-21,50300.0,1.5183788400776665,38.277726749412494,0.03966742461008271
2019-10-22,51200.0,1.545546652325577,38.96261649244373,0.03966742461008271
2019-10-23,51200.0,1.545546652325577,38.96261649244373,0.03966742461008271
2019-10-24,50700.0,1.5304534232989602,38.58212219075971,0.03966742461008271
2019-10-25,50900.0,1.5364907149096068,38.73431991143332,0.03966742461008271
2019-10-28,51300.0,1.5485652981309004,39.038715352780535,0.03966742461008271
2019-10-29,51100.0,1.5425280065202536,38.88651763210692,0.03966742461008271
2019-10-30,50400.0,1.52139748588299,38.35382560974929,0.03966742461008272
2019-10-31,50400.0,1.52139748588299,38.35382560974929,0.03966742461008272
2019-11-01,51200.0,1.545546652325577,38.96261649244373,0.03966742461008271
2019-11-04,52300.0,1.5787517561841344,39.799703956148576,0.03966742461008271
2019-11-05,52700.0,1.5908263394054278,40.104099397495794,0.039667424610082706
2019-11-06,53300.0,1.6089382142373683,40.56069255951662,0.03966742461008271
2019-11-07,52900.0,1.5968636310160746,40.2562971181694,0.03966742461008271
2019-11-08,52100.0,1.5727144645734876,39.647506235474964,0.03966742461008272
2019-11-11,51600.0,1.5576212355468706,39.26701193379095,0.03966742461008271
2019-11-12,52600.0,1.5878076936001047,40.02800053715899,0.03966742461008272
2019-11-13,52500.0,1.5847890477947812,39.95190167682218,0.03966742461008272
2019-11-14,52800.0,1.5593885390681685,24.879673567276786,0.0626772105691599
2019-11-15,53700.0,1.5859690255295578,25.30375891217355,0.0626772105691599
2019-11-18,53500.0,1.58006225076036,25.209517724418713,0.06267721056915988
2019-11-19,53500.0,1.58006225076036,25.209517724418713,0.06267721056915988
2019-11-20,52000.0,1.5357614399913782,24.502708816257442,0.06267721056915988
2019-11-21,51000.0,1.50622756614539,24.03150287748326,0.0626772105691599
2019-11-22,51600.0,1.5239478904529828,24.314226440747767,0.0626772105691599
2019-11-25,51800.0,1.5298546652221805,24.408467628502603,0.0626772105691599
2019-11-26,51800.0,1.5298546652221805,24.408467628502603,0.0626772105691599
2019-11-27,52200.0,1.5416682147605756,24.596950004012278,0.06267721056915988
2019-11-28,51300.0,1.5150877282991864,24.172864659115515,0.06267721056915988
2019-11-29,50300.0,1.4855538544531983,23.70165872034133,0.06267721056915988
2019-12-02,50400.0,1.4885072418377971,23.74877931421875,0.06267721056915988
2019-12-03,49900.0,1.4737403049148032,23.51317634483166,0.0626772105691599
2019-12-04,49450.0,1.4604500616841085,23.301133672383276,0.0626772105691599
2019-12-05,49500.0,1.461926755376408,23.324693969321988,0.06267721056915988
2019-12-06,50400.0,1.4885072418377971,23.74877931421875,0.06267721056915988
2019-12-09,51200.0,1.5121343409145875,24.125744065238095,0.06267721056915988
2019-12-10,51500.0,1.520994503068384,24.26710584687035,0.06267721056915988
2019-12-11,51900.0,1.5328080526067793,24.455588222380023,0.0626772105691599
2019-12-12,53300.0,1.5741554759911625,25.115276536663877,0.06267721056915988
2019-12-13,54700.0,1.6155028993755458,25.774964850947732,0.06267721056915988
2019-12-16,54700.0,1.6155028993755458,25.774964850947732,0.06267721056915988
2019-12-17,56700.0,1.674570647067522,26.717376728496095,0.06267721056915988
2019-12-18,56300.0,1.6627570975291266,26.52889435298642,0.0626772105691599
2019-12-19,56000.0,1.6538969353753301,26.387532571354168,0.06267721056915988
2019-12-20,56000.0,1.6538969353753301,26.387532571354168,0.06267721056915988
2019-12-23,55500.0,1.6391299984523362,26.151929601967076,0.06267721056915988
2019-12-24,55000.0,1.624363061529342,25.916326632579985,0.06267721056915988
2019-12-26,55400.0,1.6361766110677374,26.104809008089656,0.0626772105691599
2019-12-27,56500.0,1.6686638722983242,26.62313554074126,0.06267721056915988
2019-12-30,55800.0,1.6479901606061327,26.293291383599332,0.06267721056915988
2020-01-02,55200.0,1.6302698362985397,26.01056782033482,0.06267721056915988
2020-01-03,55500.0,1.6391299984523362,26.151929601967076,0.06267721056915988
2020-01-06,55500.0,1.6391299984523362,26.151929601967076,0.06267721056915988
2020-01-07,55800.0,1.6479901606061327,26.293291383599332,0.06267721056915988
2020-01-08,56800.0,1.6775240344521207,26.76449732237351,0.0626772105691599
2020-01-09,58600.0,1.7306850073748992,27.61266801216704,0.0626772105691599
2020-01-10,59500.0,1.7572654938362884,28.0367533570638,0.0626772105691599
2020-01-13,60000.0,1.7720324307592823,28.272356326450893,0.06267721056915988
2020-01-14,60000.0,1.7720324307592823,28.272356326450893,0.06267721056915988
2020-01-15,59000.0,1.7424985569132942,27.80115038767671,0.06267721056915988
2020-01-16,60700.0,1.792706142451474,28.60220048359282,0.0626772105691599
2020-01-17,61300.0,1.8104264667590668,28.88492404685733,0.0626772105691599
2020-01-20,62400.0,1.8429137279896537,29.403250579508928,0.0626772105691599
2020-01-21,61400.0,1.8133798541436656,28.93204464073475,0.06267721056915988
2020-01-22,62300.0,1.8399603406050549,29.35612998563151,0.06267721056915988
2020-01-23,60800.0,1.795659529836073,28.649321077470237,0.0626772105691599
2020-01-28,58800.0,1.7365917821440968,27.706909199921874,0.0626772105691599
2020-01-29,59100.0,1.745451944297893,27.84827098155413,0.06267721056915988
2020-01-30,57200.0,1.6893375839905158,26.952979697883183,0.0626772105691599
2020-01-31,56400.0,1.6657104849137254,26.57601494686384,0.06267721056915988
2020-02-03,57200.0,1.6893375839905158,26.952979697883183,0.0626772105691599
2020-02-04,58900.0,1.7395451695286954,27.754029793799294,0.06267721056915988
2020-02-05,59500.0,1.7572654938362884,28.0367533570638,0.0626772105691599
2020-02-06,61100.0,1.8045196919898692,28.790682859102493,0.06267721056915988
2020-02-07,60400.0,1.7838459802976776,28.460838701960565,0.0626772105691599
2020-02-10,59700.0,1.763172268605486,28.130994544818638,0.0626772105691599
2020-02-11,59900.0,1.7690790433746835,28.225235732573474,0.06267721056915988
2020-02-12,60500.0,1.7867993676822764,28.507959295837985,0.06267721056915988
2020-02-13,60700.0,1.792706142451474,28.60220048359282,0.0626772105691599
2020-02-14,61800.0,1.8251934036820607,29.12052701624442,0.06267721056915988
2020-02-17,61500.0,1.8163332415282645,28.979165234612164,0.0626772105691599
2020-02-18,59800.0,1.7661256559900849,28.178115138696057,0.0626772105691599
2020-02-19,60200.0,1.77793920552848,28.36659751420573,0.06267721056915988
2020-02-20,60000.0,1.7720324307592823,28.272356326450893,0.06267721056915988
2020-02-21,59200.0,1.748405331682492,27.89539157543155,0.06267721056915988
2020-02-24,56800.0,1.6775240344521207,26.76449732237351,0.0626772105691599
2020-02-25,57900.0,1.7100112956827074,27.28282385502511,0.06267721056915988
2020-02-26,56500.0,1.6686638722983242,26.62313554074126,0.06267721056915988
2020-02-27,55900.0,1.6509435479907315,26.340411977476748,0.0626772105691599
2020-02-28,54200.0,1.6007359624525517,25.53936188156064,0.06267721056915988
2020-03-02,55000.0,1.624363061529342,25.916326632579985,0.06267721056915988
2020-03-03,55400.0,1.6361766110677374,26.104809008089656,0.0626772105691599
2020-03-04,57400.0,1.6952443587597135,27.047220885638023,0.06267721056915988
2020-03-05,57800.0,1.7070579082981088,27.235703261147695,0.0626772105691599
2020-03-06,56500.0,1.6686638722983242,26.62313554074126,0.06267721056915988
2020-03-09,54200.0,1.6007359624525517,25.53936188156064,0.06267721056915988
2020-03-10,54600.0,1.612549511990947,25.727844257070313,0.06267721056915988
2020-03-11,52100.0,1.5387148273759768,24.54982941013486,0.06267721056915988
2020-03-12,50800.0,1.5003207913761925,23.937261689728423,0.0626772105691599
2020-03-13,49950.0,1.4752169986071026,23.536736641770368,0.0626772105691599
2020-03-16,48900.0,1.4442064310688152,23.041970406057477,0.0626772105691599
2020-03-17,47300.0,1.3969522329152342,22.288040904018786,0.0626772105691599
2020-03-18,45600.0,1.3467446473770546,21.48699080810268,0.06267721056915988
2020-03-19,42950.0,1.2684798816851863,20.238295070351096,0.0626772105691599
2020-03-20,45400.0,1.340837872607857,21.392749620347843,0.06267721056915988
2020-03-23,42500.0,1.2551896384544916,20.026252397902716,0.06267721056915988
2020-03-24,46950.0,1.3866153770691385,22.123118825447825,0.06267721056915988
2020-03-25,48650.0,1.4368229626073181,22.924168921363933,0.06267721056915988
2020-03-26,47800.0,1.4117191698382283,22.523643873405877,0.0626772105691599
2020-03-27,48300.0,1.4264861067612222,22.75924684279297,0.06267721056915988
2020-03-30,47850.0,1.4131958635305277,22.54720417034459,0.06267721056915988
2020-03-31,47750.0,1.4132564193512152,17.090011024034602,0.08269488049853664
2020-04-01,45800.0,1.35554228285415,16.392094343471932,0.08269488049853664
2020-04-02,46800.0,1.385139275929568,16.750000333504072,0.08269488049853663
2020-04-03,47000.0,1.3910586745446516,16.8215815315105,0.08269488049853663
2020-04-06,48700.0,1.4413735627728623,17.430021714565136,0.08269488049853663
2020-04-07,49600.0,1.4680108565407388,17.75213710559406,0.08269488049853664
2020-04-08,48600.0,1.4384138634653205,17.394231115561922,0.08269488049853663
2020-04-09,49100.0,1.4532123600030298,17.57318411057799,0.08269488049853664
2020-04-10,49250.0,1.4576519089643425,17.62687000908281,0.08269488049853664
2020-04-13,48300.0,1.429534765542695,17.286859318552278,0.08269488049853664
2020-04-14,49000.0,1.450252660695488,17.537393511574777,0.08269488049853664
2020-04-16,49000.0,1.450252660695488,17.537393511574777,0.08269488049853664
2020-04-17,51400.0,1.5212854440764914,18.39636788765191,0.08269488049853663
2020-04-20,50100.0,1.4828093530784479,17.931090100610128,0.08269488049853664
2020-04-21,49250.0,1.4576519089643425,17.62687000908281,0.08269488049853664
2020-04-22,49850.0,1.4754101048095933,17.841613603102093,0.08269488049853664
2020-04-23,49850.0,1.4754101048095933,17.841613603102093,0.08269488049853664
2020-04-24,49350.0,1.4606116082718843,17.662660608086025,0.08269488049853664
2020-04-27,49850.0,1.4754101048095933,17.841613603102093,0.08269488049853664
2020-04-28,50100.0,1.4828093530784479,17.931090100610128,0.08269488049853664
2020-04-29,50000.0,1.479849653770906,17.895299501606914,0.08269488049853664
2020-05-04,48500.0,1.4354541641577787,17.35844051655871,0.08269488049853663
2020-05-06,49200.0,1.4561720593105716,17.608974709581204,0.08269488049853664
2020-05-07,48800.0,1.4443332620804041,17.46581231356835,0.08269488049853663
2020-05-08,48800.0,1.4443332620804041,17.46581231356835,0.08269488049853663
2020-05-11,48400.0,1.432494464850237,17.322649917555495,0.08269488049853663
2020-05-12,47900.0,1.4176959683125279,17.143696922539423,0.08269488049853664
2020-05-13,48550.0,1.4369340138115496,17.376335816060315,0.08269488049853663
2020-05-14,48000.0,1.4206556676200697,17.179487521542637,0.08269488049853664
2020-05-15,47850.0,1.416216118658757,17.125801623037816,0.08269488049853664
2020-05-18,48800.0,1.4253169467573399,77.72624109351912,0.018337654397083458
2020-05-19,50300.0,1.4691279184814385,80.1153673566396,0.018337654397083458
2020-05-20,50000.0,1.4603657241366188,79.6375421040155,0.018337654397083458
2020-05-21,49950.0,1.458905358412482,79.55790456191149,0.018337654397083455
2020-05-22,48750.0,1.4238565810332033,77.64660355141511,0.018337654397083458
2020-05-25,48850.0,1.4267773124814764,77.80587863562315,0.018337654397083455
2020-05-26,49250.0,1.4384602382745695,78.44297897245526,0.018337654397083458
2020-05-27,49900.0,1.4574449926883455,79.47826701980748,0.018337654397083455
2020-05-28,50400.0,1.4720486499297116,80.27464244084763,0.018337654397083455
2020-05-29,50700.0,1.4808108442745314,80.75246769347171,0.018337654397083455
2020-06-01,51200.0,1.4954145015158975,81.54884311451187,0.018337654397083455
2020-06-02,51400.0,1.5012559644124441,81.86739328292794,0.018337654397083458
2020-06-03,54500.0,1.5917986393089145,86.80492089337689,0.018337654397083458
2020-06-04,54600.0,1.5947193707571876,86.96419597758492,0.018337654397083458
2020-06-05,55500.0,1.6210059537916468,88.39767173545721,0.018337654397083455
2020-06-08,54900.0,1.6034815651020073,87.44202123020902,0.018337654397083455
2020-06-09,55500.0,1.6210059537916468,88.39767173545721,0.018337654397083455
2020-06-10,55400.0,1.6180852223433735,88.23839665124918,0.018337654397083455
2020-06-11,54300.0,1.5859571764123679,86.48637072496084,0.018337654397083455
2020-06-12,52300.0,1.5275425474469033,83.30086904080021,0.018337654397083458
2020-06-15,49900.0,1.4574449926883455,79.47826701980748,0.018337654397083455
2020-06-16,52100.0,1.5217010845503567,82.98231887238416,0.018337654397083455
2020-06-17,52200.0,1.52462181599863,83.14159395659217,0.018337654397083458
2020-06-18,52300.0,1.5275425474469033,83.30086904080021,0.018337654397083458
2020-06-19,52900.0,1.5450669361365426,84.2565195460484,0.018337654397083458
2020-06-22,52000.0,1.5187803531020836,82.82304378817612,0.018337654397083458
2020-06-23,51400.0,1.5012559644124441,81.86739328292794,0.018337654397083458
2020-06-24,52900.0,1.5450669361365426,84.2565195460484,0.018337654397083458
2020-06-25,51900.0,1.5158596216538103,82.66376870396809,0.018337654397083458
2020-06-26,53300.0,1.5567498619296356,84.89361988288053,0.018337654397083455
2020-06-29,52400.0,1.5304632788951764,83.46014412500824,0.018337654397083458
2020-06-30,52800.0,1.5421462046882695,84.09724446184036,0.018337654397083458
2020-07-01,52600.0,1.5363047417917228,83.77869429342431,0.018337654397083455
2020-07-02,52900.0,1.5450669361365426,84.2565195460484,0.018337654397083458
2020-07-03,53600.0,1.5655120562744553,85.37144513550462,0.018337654397083458
2020-07-06,55000.0,1.6064022965502807,87.60129631441706,0.018337654397083455
2020-07-07,53400.0,1.559670593377909,85.05289496708855,0.018337654397083458
2020-07-08,53000.0,1.5479876675848159,84.41579463025643,0.018337654397083458
2020-07-09,52800.0,1.5421462046882695,84.09724446184036,0.018337654397083458
2020-07-10,52700.0,1.5392254732399961,83.93796937763234,0.018337654397083455
2020-07-13,53400.0,1.559670593377909,85.05289496708855,0.018337654397083458
2020-07-14,53800.0,1.5713535191710017,85.68999530392068,0.018337654397083455
2020-07-15,54700.0,1.597640102205461,87.12347106179296,0.018337654397083458
2020-07-16,53800.0,1.5713535191710017,85.68999530392068,0.018337654397083455
2020-07-17,54400.0,1.5888779078606412,86.64564580916887,0.018337654397083455
2020-07-20,54200.0,1.5830364449640948,86.3270956407528,0.018337654397083458
2020-07-21,55300.0,1.6151644908951004,88.07912156704114,0.018337654397083458
2020-07-22,54700.0,1.597640102205461,87.12347106179296,0.018337654397083458
2020-07-23,54100.0,1.5801157135158215,86.16782055654477,0.018337654397083458
2020-07-24,54200.0,1.5830364449640948,86.3270956407528,0.018337654397083458
2020-07-27,55600.0,1.6239266852399201,88.55694681966524,0.018337654397083455
2020-07-28,58600.0,1.7115486286881172,93.33519934590616,0.018337654397083458
2020-07-29,59000.0,1.7232315544812102,93.9722996827383,0.018337654397083458
2020-07-30,59000.0,1.7232315544812102,93.9722996827383,0.018337654397083458
2020-07-31,57900.0,1.6911035085502044,92.22027375644996,0.018337654397083455
2020-08-03,56800.0,1.6589754626191988,90.4682478301616,0.018337654397083458
2020-08-04,57300.0,1.6735791198605652,91.26462325120177,0.018337654397083455
2020-08-05,56900.0,1.6618961940674721,90.62752291436964,0.018337654397083458
2020-08-06,58000.0,1.6940242399984777,92.37954884065798,0.018337654397083458
2020-08-07,57500.0,1.6794205827571116,91.58317341961782,0.018337654397083458
2020-08-10,57800.0,1.6881827771019313,92.06099867224192,0.018337654397083455
2020-08-11,58200.0,1.6998657028950241,92.69809900907404,0.018337654397083455
2020-08-12,59000.0,1.7232315544812102,93.9722996827383,0.018337654397083458
2020-08-13,58700.0,1.7144693601363905,93.4944744301142,0.018337654397083458
2020-08-14,58000.0,1.6940242399984777,92.37954884065798,0.018337654397083458
2020-08-18,58400.0,1.6840855578324478,43.52289811244415,0.03869424213161326
2020-08-19,57800.0,1.6667833089506077,43.07574504964507,0.03869424213161326
2020-08-20,55400.0,1.5975743134232467,41.28713279844874,0.03869424213161326
2020-08-21,55900.0,1.6119928541581137,41.659760350781305,0.038694242131613266
2020-08-24,56100.0,1.6177602704520604,41.808811371714334,0.03869424213161326
2020-08-25,56400.0,1.6264113948929804,42.03238790311388,0.03869424213161325
2020-08-26,56400.0,1.6264113948929804,42.03238790311388,0.03869424213161325
2020-08-27,55600.0,1.6033417297171935,41.43618381938176,0.038694242131613266
2020-08-28,55400.0,1.5975743134232467,41.28713279844874,0.03869424213161326
2020-08-31,54000.0,1.5572023993656194,40.24377565191754,0.03869424213161326
